International number ID,date,Latitude of the center,Longitude of the center,Central pressure,timestamp
9407,1994-07-28 18:00:00,34.174648215787784,127.28583659520356,997.0489782873001,775389600
9407,1994-07-29 00:00:00,34.765950164172864,127.62870487334975,994.2569098583845,775411200
9407,1994-07-29 06:00:00,35.324881935301164,128.0078884744562,991.6145403697456,775432800
9407,1994-07-29 12:00:00,35.875406379108426,128.40927700601657,989.130057141083,775454400
9407,1994-07-29 18:00:00,36.42783277188482,128.8223862838099,986.8182369051283,775476000
9314,1993-09-14 12:00:00,62.31919011517857,182.38401749469813,988.770041509531,747979200
9314,1993-09-14 18:00:00,63.2339555796907,183.9951141473739,989.4237978094388,748000800
9314,1993-09-15 00:00:00,64.23279518500567,185.7867158490717,989.9713054635486,748022400
9314,1993-09-15 06:00:00,65.30467627542475,187.71953589268742,990.423617992657,748044000
9314,1993-09-15 12:00:00,66.43927224096842,189.76083471448146,990.792110307174,748065600
9119,1991-10-01 06:00:00,56.73493165889158,182.35024887340933,973.8857418288387,686268000
9119,1991-10-01 12:00:00,58.47101017946716,183.96092871907467,975.8340798837703,686289600
9119,1991-10-01 18:00:00,60.21364015891959,185.80629691418198,977.8495647791681,686311200
9119,1991-10-02 00:00:00,61.96747227195738,187.8648435167347,979.9361408711084,686332800
9119,1991-10-02 06:00:00,63.736516893905446,190.11863559243693,982.0972478157012,686354400
9708,1997-07-04 06:00:00,51.11000940903159,182.45669650192224,1001.6566393023838,867967200
9708,1997-07-04 12:00:00,52.05661467674963,184.28461463334617,1003.2311057797185,867988800
9708,1997-07-04 18:00:00,52.906244442674506,186.2869644742289,1004.7771947172184,868010400
9708,1997-07-05 00:00:00,53.697541374765024,188.40677590425497,1006.3261306475854,868032000
9708,1997-07-05 06:00:00,54.45294286974331,190.61033627651722,1007.8959446471379,868053600
9609,1996-08-04 18:00:00,33.902696082644525,108.9076034151185,1003.1916365135912,839152800
9609,1996-08-05 00:00:00,34.27991608203547,107.89247516253454,1006.4931005833823,839174400
9609,1996-08-05 06:00:00,34.71359700882431,106.93021381780636,1009.9009422766067,839196000
9609,1996-08-05 12:00:00,35.1905550777019,106.00398714247785,1013.411033329081,839217600
9609,1996-08-05 18:00:00,35.70113267301258,105.10220762437166,1017.0190277004913,839239200
9114,1991-09-02 18:00:00,46.463280222189496,186.46853384055245,982.0668339558324,683802000
9114,1991-09-03 00:00:00,46.749441024854605,190.992860551474,980.1338834408352,683823600
9114,1991-09-03 06:00:00,46.91197765265315,195.53903299451193,978.1773921348877,683845200
9114,1991-09-03 12:00:00,46.98243282991825,200.07968542267685,976.188543396253,683866800
9114,1991-09-03 18:00:00,46.98111224196691,204.59164007775067,974.1666961429569,683888400
9305,1993-07-29 12:00:00,43.23592865678074,135.52513051856386,1008.6127980347155,743918400
9305,1993-07-29 18:00:00,44.4962431422191,135.58080201900248,1009.2899703313487,743940000
9305,1993-07-30 00:00:00,45.776764764696054,135.6630842026484,1010.0530148683229,743961600
9305,1993-07-30 06:00:00,47.074587558026906,135.77083707023166,1010.9032009959956,743983200
9305,1993-07-30 12:00:00,48.387414356768204,135.90325708627142,1011.8378577984568,744004800
9311,1993-08-31 00:00:00,58.9083077144187,159.3661253225988,993.4602102519102,746726400
9311,1993-08-31 06:00:00,60.181204643218734,160.18792890631414,992.9605687218072,746748000
9311,1993-08-31 12:00:00,61.375179252432645,160.96749387424313,992.4677659117624,746769600
9311,1993-08-31 18:00:00,62.521673984150766,161.70672133913,991.9663678472143,746791200
9311,1993-09-01 00:00:00,63.63849992694122,162.40751232596256,991.4505903052968,746812800
9211,1992-08-19 18:00:00,35.28075997675842,130.97647050316027,997.8872978458394,714218400
9211,1992-08-20 00:00:00,35.09836359651581,130.40534862852837,999.4076273660403,714240000
9211,1992-08-20 06:00:00,35.16339155797641,129.96422382863693,1000.8300919895273,714261600
9211,1992-08-20 12:00:00,35.352790317899235,129.5428560619348,1002.2525826845122,714283200
9211,1992-08-20 18:00:00,35.61077674401804,129.1083760041729,1003.7086698945022,714304800
9606,1996-07-27 12:00:00,54.06537284748333,183.00021500239814,1000.8882757746137,838440000
9606,1996-07-27 18:00:00,55.379507255441695,185.67206951840126,999.6105216688643,838461600
9606,1996-07-28 00:00:00,56.74295140260324,188.41643238566712,998.1655556644168,838483200
9606,1996-07-28 06:00:00,58.15625614685973,191.23418654895977,996.552158982006,838504800
9606,1996-07-28 12:00:00,59.6199756884896,194.12622870056498,994.7690740098246,838526400
9313,1993-09-07 18:00:00,40.287730411596385,133.7239774005311,1011.6643661975859,747396000
9313,1993-09-08 00:00:00,40.9863137029306,133.52904254999885,1011.1737650103591,747417600
9313,1993-09-08 06:00:00,41.637644452049244,133.40002631440075,1010.6306413909351,747439200
9313,1993-09-08 12:00:00,42.2685150080988,133.32643816086704,1010.1098710133283,747460800
9313,1993-09-08 18:00:00,42.89569243759615,133.30076054581718,1009.6667078556775,747482400
9209,1992-08-05 18:00:00,36.31179242743383,125.79911223529189,1008.864647880413,713008800
9209,1992-08-06 00:00:00,36.803500395712035,125.11640212303769,1011.5624323371594,713030400
9209,1992-08-06 06:00:00,37.388455059708576,124.31392997961575,1014.3191273072844,713052000
9209,1992-08-06 12:00:00,38.02178584173271,123.41878091915419,1017.2536404201601,713073600
9209,1992-08-06 18:00:00,38.68022883182857,122.44147853043569,1020.4311677821024,713095200
9304,1993-07-27 06:00:00,42.32229562370867,135.3449094282612,1012.0271637592723,743724000
9304,1993-07-27 12:00:00,43.14132734616942,135.13477812578537,1012.078998788229,743745600
9304,1993-07-27 18:00:00,43.96572886395825,134.88663830910116,1012.1598136163211,743767200
9304,1993-07-28 00:00:00,44.79987261067981,134.61181956060125,1012.2746645671104,743788800
9304,1993-07-28 06:00:00,45.64573197987647,134.3181537981868,1012.4282935778228,743810400
9808,1998-09-22 00:00:00,40.53721783340734,138.6863220780067,1002.923905592379,906393600
9808,1998-09-22 06:00:00,43.0528548677903,139.68607928378992,1005.5588603106517,906415200
9808,1998-09-22 12:00:00,45.805012610624544,140.74184736125403,1008.6735941173247,906436800
9808,1998-09-22 18:00:00,48.79169905339222,141.97161700217362,1012.310115463868,906458400
9808,1998-09-23 00:00:00,51.993866745746345,143.3963680673055,1016.5238636029317,906480000
9918,1999-09-29 12:00:00,57.4028642817666,184.70936417968778,997.8218134656677,938577600
9918,1999-09-29 18:00:00,58.91181588047766,186.84132232188904,999.7816901009694,938599200
9918,1999-09-30 00:00:00,60.35033516342264,189.0820258982253,1001.8632878198271,938620800
9918,1999-09-30 06:00:00,61.73626587114995,191.42049782031108,1004.0536888418228,938642400
9918,1999-09-30 12:00:00,63.08316150976498,193.84795894594436,1006.3425958091302,938664000
9306,1993-08-01 06:00:00,40.49784033998503,143.37733017871597,1006.2223185387847,744156000
9306,1993-08-01 12:00:00,40.458762554658506,144.3291997544511,1007.9102486915872,744177600
9306,1993-08-01 18:00:00,40.39413834492575,145.30136523159672,1009.3213756397308,744199200
9306,1993-08-02 00:00:00,40.31071966022978,146.2706120855728,1010.5627391775706,744220800
9306,1993-08-02 06:00:00,40.213265218635115,147.2269591603399,1011.6786082338804,744242400
9719,1997-09-19 18:00:00,48.439529737940575,185.13971044510572,1010.085675719627,874663200
9719,1997-09-20 00:00:00,49.646404944724054,190.26652616446881,1007.8149039617438,874684800
9719,1997-09-20 06:00:00,50.76174506818461,195.73929328108397,1005.1007169089717,874706400
9719,1997-09-20 12:00:00,51.81107690166482,201.5301358413535,1001.8733372310053,874728000
9719,1997-09-20 18:00:00,52.80976937460582,207.61940601272545,998.0739870028992,874749600
9411,1994-08-03 18:00:00,41.11329724140069,149.1484941885161,1004.606882948258,775908000
9411,1994-08-04 00:00:00,41.202687136654276,151.23466246506575,1005.3648714958948,775929600
9411,1994-08-04 06:00:00,41.27335981283068,153.2928593814546,1006.2411734318839,775951200
9411,1994-08-04 12:00:00,41.32782700134521,155.3478732620655,1007.2125645164202,775972800
9411,1994-08-04 18:00:00,41.366837657349606,157.41755296728013,1008.2626598148793,775994400
9426,1994-10-02 18:00:00,51.60062817220569,149.7158218075508,999.9589174276935,781092000
9426,1994-10-03 00:00:00,52.60372134193858,149.95211893074713,1000.160503433206,781113600
9426,1994-10-03 06:00:00,53.54658375647523,150.20362265229494,1000.5360296686649,781135200
9426,1994-10-03 12:00:00,54.45325314062757,150.46716974058938,1001.0414356122546,781156800
9426,1994-10-03 18:00:00,55.339244914293886,150.74092468215963,1001.6484263758975,781178400
9916,1999-09-17 12:00:00,40.78500439471463,158.8803858823394,1009.1494079791628,937540800
9916,1999-09-17 18:00:00,41.7264879969116,160.65200792089013,1010.3665320749678,937562400
9916,1999-09-18 00:00:00,42.62810854880081,162.59521416068583,1011.6647018732856,937584000
9916,1999-09-18 06:00:00,43.494946864528174,164.69441467338265,1013.0517404974762,937605600
9916,1999-09-18 12:00:00,44.33212034504322,166.93746836849277,1014.5321772388706,937627200
9621,1996-10-05 18:00:00,32.4782557194867,183.04789692930808,1014.3990467232488,844509600
9621,1996-10-06 00:00:00,33.20602610069818,185.729047456638,1017.4329496953324,844531200
9621,1996-10-06 06:00:00,33.76426715733123,188.48250652225033,1020.8941679539294,844552800
9621,1996-10-06 12:00:00,34.207721582612066,191.32892543053185,1024.6498138872585,844574400
9621,1996-10-06 18:00:00,34.57329830422168,194.27764302784817,1028.6160523239741,844596000
9807,1998-09-24 18:00:00,54.45875463320772,189.95888787467447,994.5845181646732,906631200
9807,1998-09-25 00:00:00,56.653728923887684,195.37130387323123,993.0848556243195,906652800
9807,1998-09-25 06:00:00,58.87845597316482,200.8290508803948,991.5097550884434,906674400
9807,1998-09-25 12:00:00,61.12757664780838,206.32484924535675,989.8665989416791,906696000
9807,1998-09-25 18:00:00,63.39662882353696,211.85218709281435,988.1617228414002,906717600
9612,1996-08-19 00:00:00,59.213556502779284,183.98354969500906,996.2594300236847,840384000
9612,1996-08-19 06:00:00,60.54954091137097,187.05224194786615,998.4376489409606,840405600
9612,1996-08-19 12:00:00,61.990305719945354,190.2156818078488,1000.5799773904664,840427200
9612,1996-08-19 18:00:00,63.52313071227536,193.48174999933462,1002.7205514235034,840448800
9612,1996-08-20 00:00:00,65.138951461327,196.85706942540082,1004.885241903336,840470400
9709,1997-07-31 12:00:00,32.22918832588607,136.27443062651918,1002.9394114345787,870321600
9709,1997-07-31 18:00:00,32.65919747806379,136.34056740374837,1000.2659078697252,870343200
9709,1997-08-01 00:00:00,33.08940560382962,136.4002921059299,997.939227514873,870364800
9709,1997-08-01 06:00:00,33.519206137741776,136.45518212267814,995.9241184121574,870386400
9709,1997-08-01 12:00:00,33.94801754314494,136.5065555703631,994.1895942309075,870408000
9805,1998-09-18 12:00:00,50.99621394574024,186.42219627296436,973.5927085053918,906091200
9805,1998-09-18 18:00:00,51.860237762055476,192.84143466283786,971.13448048383,906112800
9805,1998-09-19 00:00:00,52.690123036443765,199.55926631595776,968.616988982576,906134400
9805,1998-09-19 06:00:00,53.48401086629565,206.5763289397437,966.0324548892895,906156000
9805,1998-09-19 12:00:00,54.24014738791084,213.8923738601443,963.3735843750765,906177600
14,2000-09-19 06:00:00,48.39743600477959,142.5175233540349,1016.1213782744653,969314400
14,2000-09-19 12:00:00,49.414927905323566,142.94774934725137,1020.3362450606073,969336000
14,2000-09-19 18:00:00,50.453484856664545,143.48062039696106,1024.6560565969958,969357600
14,2000-09-20 00:00:00,51.51398347868371,144.10787230019923,1029.0909460627945,969379200
14,2000-09-20 06:00:00,52.59719586549636,144.8227397836531,1033.6499476502358,969400800
9210,1992-08-13 18:00:00,57.10631821766037,184.42320047090652,997.7120794428924,713700000
9210,1992-08-14 00:00:00,57.92051584772162,187.8373681857547,992.8236246172646,713721600
9210,1992-08-14 06:00:00,58.51624656207605,191.25146158546886,987.2779258355126,713743200
9210,1992-08-14 12:00:00,58.94043467203301,194.66787197949998,981.0298034293232,713764800
9210,1992-08-14 18:00:00,59.222799906719956,198.08466925824814,974.0421973221946,713786400
9117,1991-09-17 00:00:00,41.55731447034668,187.33831652055596,994.6943271553282,685036800
9117,1991-09-17 06:00:00,41.93437700136565,191.6023915018277,991.1495718849183,685058400
9117,1991-09-17 12:00:00,42.18448432630976,195.76319851678818,987.2271821724498,685080000
9117,1991-09-17 18:00:00,42.339934485642516,199.79038685728392,982.8428519892877,685101600
9117,1991-09-18 00:00:00,42.42111618720992,203.65322641897728,977.9456085983693,685123200
9514,1995-09-26 00:00:00,46.95000083643117,163.60099961915898,1000.4539247421108,812044800
9514,1995-09-26 06:00:00,48.80872204563639,166.41553805935587,1003.2922184876315,812066400
9514,1995-09-26 12:00:00,50.64012038803048,169.4152805929716,1006.4289408298355,812088000
9514,1995-09-26 18:00:00,52.481614695414464,172.5856478026103,1009.8171092406819,812109600
9514,1995-09-27 00:00:00,54.35540967126508,175.9200046755293,1013.4321576972134,812131200
9707,1997-06-22 12:00:00,45.966197724921585,166.27405876587954,996.8740252610405,866952000
9707,1997-06-22 18:00:00,47.30959987413189,170.27989367731288,998.0655514854479,866973600
9707,1997-06-23 00:00:00,48.644971493227786,174.64774634093237,999.5280959541597,866995200
9707,1997-06-23 06:00:00,49.98108006675102,179.408567364972,1001.2335251266522,867016800
9707,1997-06-23 12:00:00,51.32304827588996,184.5946176348466,1003.165229008926,867038400
9810,1998-10-20 06:00:00,53.29793945976962,168.09223984095343,1003.9437415222665,908834400
9810,1998-10-20 12:00:00,55.69087219793619,170.77956368237437,1004.3221758865388,908856000
9810,1998-10-20 18:00:00,58.02536431054068,173.7234466504883,1005.0201860131783,908877600
9810,1998-10-21 00:00:00,60.33481835679231,176.89705167988177,1005.9532848661229,908899200
9810,1998-10-21 06:00:00,62.643256378987644,180.28184982321636,1007.0589278597404,908920800
1512,2015-07-26 18:00:00,33.661541080875395,129.71919923489622,1008.391062943811,1437904800
1512,2015-07-27 00:00:00,33.6089025836136,129.1917326594521,1012.5826459135751,1437926400
1512,2015-07-27 06:00:00,33.62490828753653,128.50617269566646,1016.5858191338634,1437948000
1512,2015-07-27 12:00:00,33.69650668414124,127.72243577998233,1020.4173022417062,1437969600
1512,2015-07-27 18:00:00,33.81365822730368,126.88074763990153,1024.0965555958633,1437991200
613,2006-09-20 00:00:00,46.342985111019516,140.65471376668552,999.814551582549,1158681600
613,2006-09-20 06:00:00,48.110297043265746,141.3770666973312,1006.7564383913668,1158703200
613,2006-09-20 12:00:00,49.719612964367116,142.27194476233194,1013.3389418572478,1158724800
613,2006-09-20 18:00:00,51.279412486754154,143.29029203281675,1019.8355796710784,1158746400
613,2006-09-21 00:00:00,52.84336166108915,144.40658512750088,1026.3966122485763,1158768000
205,2002-07-08 00:00:00,41.29287212714007,132.9053227586504,1003.6925790928326,1026057600
205,2002-07-08 06:00:00,42.185045321893995,133.12371256584237,1005.4844951441664,1026079200
205,2002-07-08 12:00:00,43.078893622219766,133.35692531938008,1007.3733245824769,1026100800
205,2002-07-08 18:00:00,43.975323091337486,133.60598783467202,1009.3574056421821,1026122400
205,2002-07-09 00:00:00,44.874561680990155,133.8715009237078,1011.4352478124638,1026144000
1418,2014-10-08 06:00:00,44.054466493893415,187.21310648898134,951.491577890065,1412719200
1418,2014-10-08 12:00:00,44.83538382968618,193.3205964297763,941.0542060777916,1412740800
1418,2014-10-08 18:00:00,45.528589631539944,199.56590494147986,928.5147346907252,1412762400
1418,2014-10-09 00:00:00,46.12020542993196,205.8832413265909,913.7017401488192,1412784000
1418,2014-10-09 06:00:00,46.596365388904815,212.19735543250727,896.4486945033459,1412805600
1518,2015-09-11 18:00:00,40.745322102855425,138.71549872011838,1000.1644116824027,1441965600
1518,2015-09-12 00:00:00,40.79597607835967,138.9976595179469,999.9546170849426,1441987200
1518,2015-09-12 06:00:00,41.01356061178012,139.31392623217926,999.544200722321,1442008800
1518,2015-09-12 12:00:00,41.32340703141017,139.64687897054682,999.0271725049206,1442030400
1518,2015-09-12 18:00:00,41.685123843097244,139.98724973419758,998.4546181946134,1442052000
415,2004-08-22 12:00:00,42.83600453560757,177.60795683474316,994.2585219295834,1093147200
415,2004-08-22 18:00:00,43.568010037370186,181.36031516254116,996.5601712826519,1093168800
415,2004-08-23 00:00:00,44.21740546264846,185.34834448319543,998.942524549464,1093190400
415,2004-08-23 06:00:00,44.798856863162655,189.56660074646516,1001.434201740567,1093212000
415,2004-08-23 12:00:00,45.322267235251275,194.01201011218836,1004.0572018353432,1093233600
422,2004-10-10 06:00:00,42.05676872469303,152.01702230912383,1009.5627717678872,1097359200
422,2004-10-10 12:00:00,44.371265762662006,154.21468980072325,1023.5381765225611,1097380800
422,2004-10-10 18:00:00,46.679252789104794,156.68276758657055,1038.0976684301713,1097402400
422,2004-10-11 00:00:00,49.061868234246504,159.42372211431484,1053.494138626891,1097424000
422,2004-10-11 06:00:00,51.56955056660627,162.44815552162288,1070.000759440707,1097445600
1112,2011-09-07 12:00:00,46.386686482792356,137.7838311631391,991.347577732712,1315368000
1112,2011-09-07 18:00:00,46.910449204426186,137.58339263431026,990.7959681733921,1315389600
1112,2011-09-08 00:00:00,47.39351133532364,137.3960612191721,990.3340422981802,1315411200
1112,2011-09-08 06:00:00,47.851646920202256,137.21993214895826,989.9526685704508,1315432800
1112,2011-09-08 12:00:00,48.295997553484995,137.05360976927113,989.6441982888779,1315454400
1318,2013-09-20 18:00:00,59.94855802901657,168.52458714480508,1000.0888616985449,1379671200
1318,2013-09-21 00:00:00,60.836195672426584,168.81358234869367,1001.861544079834,1379692800
1318,2013-09-21 06:00:00,61.635514707489165,169.29793438934212,1003.4656000396935,1379714400
1318,2013-09-21 12:00:00,62.38570594898647,169.88641537425883,1004.9802953932467,1379736000
1318,2013-09-21 18:00:00,63.10794787032228,170.52977586515772,1006.4480889866745,1379757600
1910,2019-08-17 18:00:00,46.296376949422665,141.33960053192277,1004.9395287481875,1566036000
1910,2019-08-18 00:00:00,47.625377151525754,141.697485822212,1010.0637911697759,1566057600
1910,2019-08-18 06:00:00,49.07521956407254,142.08906971513443,1015.371278593293,1566079200
1910,2019-08-18 12:00:00,50.63602512077432,142.52677203672738,1020.8670650083859,1566100800
1910,2019-08-18 18:00:00,52.299772294824834,143.0204716530152,1026.5613768501917,1566122400
2108,2021-07-31 12:00:00,41.46468955261844,133.66827813621376,1002.3701168128462,1627704000
2108,2021-07-31 18:00:00,41.97642546563111,133.321206181472,1002.7015798184013,1627725600
2108,2021-08-01 00:00:00,42.456001373037,132.9052011841104,1003.021229590461,1627747200
2108,2021-08-01 06:00:00,42.914513443533,132.44719157601162,1003.3430488572064,1627768800
2108,2021-08-01 12:00:00,43.357903703899865,131.96314307266653,1003.6739093361041,1627790400
1915,2019-09-11 18:00:00,48.83535592602129,182.52726992469115,1004.0862343845365,1568196000
1915,2019-09-12 00:00:00,51.03824764897581,190.05158165063858,1006.5658906458993,1568217600
1915,2019-09-12 06:00:00,53.42270710593948,198.57140366845988,1009.4875057587924,1568239200
1915,2019-09-12 12:00:00,56.005322656343196,208.19528964561414,1012.9016122965986,1568260800
1915,2019-09-12 18:00:00,58.805267590490985,219.04304276713447,1016.8617295155855,1568282400
406,2004-06-28 18:00:00,48.33173263912522,181.58957206150035,993.5085152111042,1088416800
406,2004-06-29 00:00:00,48.43226587072331,182.941389065385,990.8768342624771,1088438400
406,2004-06-29 06:00:00,48.50541284944666,184.254209610222,988.1092635064715,1088460000
406,2004-06-29 12:00:00,48.55470334116944,185.5269008823102,985.2107873092218,1088481600
406,2004-06-29 18:00:00,48.58341883920002,186.7584473195966,982.1870050213229,1088503200
1215,2012-09-02 00:00:00,53.59127426899249,185.5270766525864,987.8071410361645,1346515200
1215,2012-09-02 06:00:00,53.374941194066196,189.11071700681214,985.2506719417142,1346536800
1215,2012-09-02 12:00:00,53.05699268162243,192.63114266157118,982.3349385099664,1346558400
1215,2012-09-02 18:00:00,52.64359813792362,196.06939751736263,979.0670109010825,1346580000
1215,2012-09-03 00:00:00,52.14115497381681,199.40739735358375,975.4565895913438,1346601600
310,2003-08-12 00:00:00,54.72378710662815,154.67933204713995,992.8357012031847,1060617600
310,2003-08-12 06:00:00,56.66137968594194,155.7272718340762,995.5180589807533,1060639200
310,2003-08-12 12:00:00,58.374485389074835,156.97269892397617,998.1891778330464,1060660800
310,2003-08-12 18:00:00,60.01372214137882,158.33988764682067,1000.9041275078307,1060682400
310,2003-08-13 00:00:00,61.64085285814144,159.7936216319763,1003.6816979128635,1060704000
1109,2011-08-15 18:00:00,58.816491589926954,146.13885346799998,1001.8672446598521,1313402400
1109,2011-08-16 00:00:00,60.04216570306926,146.36979102177065,1003.6455370359763,1313424000
1109,2011-08-16 06:00:00,61.19425997498729,146.67560989697267,1005.3488947019068,1313445600
1109,2011-08-16 12:00:00,62.28667415066957,147.04235943425556,1006.9887101959121,1313467200
1109,2011-08-16 18:00:00,63.330617937244824,147.45871657304588,1008.5742622164889,1313488800
1821,2018-09-07 12:00:00,63.405476540017844,136.50340043637516,999.3032861051925,1536292800
1821,2018-09-07 18:00:00,64.89600209906348,136.6736335178466,1002.5918865694839,1536314400
1821,2018-09-08 00:00:00,66.52644298777159,136.82139928129072,1005.8928019914356,1536336000
1821,2018-09-08 06:00:00,68.26366367477749,136.9549775214873,1009.2261013239695,1536357600
1821,2018-09-08 12:00:00,70.0834163995496,137.08076739949865,1012.6065650466126,1536379200
423,2004-10-23 06:00:00,59.96087465470555,187.53087348584813,985.6454697032859,1098482400
423,2004-10-23 12:00:00,62.726069853815716,193.13965634417036,985.1014062092836,1098504000
423,2004-10-23 18:00:00,65.59229951386806,199.02834739351965,984.358093510964,1098525600
423,2004-10-24 00:00:00,68.55783247396175,205.1985795926903,983.4029757491044,1098547200
423,2004-10-24 06:00:00,71.62169127864036,211.65157011362862,982.2219877386888,1098568800
1609,2016-08-23 09:00:00,45.45405562356609,145.5518584153349,995.1250084705225,1471914000
1609,2016-08-23 15:00:00,46.23729675061986,145.91206052265125,997.6503380366757,1471935600
1609,2016-08-23 21:00:00,47.308800759557926,146.35272457708584,999.8528743128591,1471957200
1609,2016-08-24 03:00:00,48.577557421540405,146.85785420329694,1001.908383444701,1471978800
1609,2016-08-24 09:00:00,49.98445324912245,147.41861053393563,1003.9295083644538,1472000400
712,2007-09-20 18:00:00,38.9216056687801,124.92005928759863,994.1925115504127,1190282400
712,2007-09-21 00:00:00,39.65493528260413,125.81406214549861,976.6124033965752,1190304000
712,2007-09-21 06:00:00,40.057163103323546,126.50621824760128,953.2513871992996,1190325600
712,2007-09-21 12:00:00,40.09891188146139,126.92048996600897,924.3251714867656,1190347200
712,2007-09-21 18:00:00,39.7653349535758,126.98470092453863,890.2967346635414,1190368800
1722,2017-10-29 18:00:00,34.779548719998274,143.03085142387226,989.3446687535825,1509271200
1722,2017-10-30 00:00:00,35.27002269065997,144.9534020643605,991.1235777354273,1509292800
1722,2017-10-30 06:00:00,36.03674818830041,146.9508130220438,993.1764331106533,1509314400
1722,2017-10-30 12:00:00,36.95812550460323,149.0715193091337,995.4372395440691,1509336000
1722,2017-10-30 18:00:00,37.97094863804887,151.34575274456893,997.8864209126068,1509357600
1919,2019-10-15 00:00:00,60.03478178747173,187.074624522681,944.8607472710719,1571068800
1919,2019-10-15 06:00:00,62.690278850728646,192.4409178871474,934.5896871948207,1571090400
1919,2019-10-15 12:00:00,65.3908047408404,198.09491972739033,923.0349405083252,1571112000
1919,2019-10-15 18:00:00,68.14622923950083,204.03216510305992,910.0857009592728,1571133600
1919,2019-10-16 00:00:00,70.95935780131549,210.24732424416288,895.6517730679334,1571155200
410,2004-08-04 00:00:00,46.730041257255834,142.02267244945142,1003.232958180708,1091548800
410,2004-08-04 06:00:00,47.91620667482857,143.21452147106538,1002.3219111647049,1091570400
410,2004-08-04 12:00:00,49.15512240162843,144.48045956615715,1001.2704439779709,1091592000
410,2004-08-04 18:00:00,50.4446327297419,145.82469313752927,1000.0779758938761,1091613600
410,2004-08-05 00:00:00,51.783469269742454,147.25089491158178,998.740980099752,1091635200
1004,2010-08-13 06:00:00,43.89319265514496,153.5442230605995,999.1194574084584,1281650400
1004,2010-08-13 12:00:00,44.60657229419667,156.05465071623576,1000.1989170338029,1281672000
1004,2010-08-13 18:00:00,45.46735397406883,158.73714909380487,1001.2895784893562,1281693600
1004,2010-08-14 00:00:00,46.42876584752594,161.59839124810333,1002.4239593970478,1281715200
1004,2010-08-14 06:00:00,47.46097040453242,164.64557746914852,1003.6227584192293,1281736800
1906,2019-07-29 18:00:00,41.20592156528073,154.28369133185333,1010.1624286558963,1564394400
1906,2019-07-30 00:00:00,41.91941557022801,155.63762223949743,1010.355188769172,1564416000
1906,2019-07-30 06:00:00,42.63715054834756,156.9731448343373,1010.5766338054646,1564437600
1906,2019-07-30 12:00:00,43.356811438832665,158.2993772928212,1010.8241560588003,1564459200
1906,2019-07-30 18:00:00,44.07679324831042,159.6233922848014,1011.0946588885945,1564480800
1721,2017-10-24 00:00:00,48.604879818554764,160.00819169226907,984.790784472003,1508774400
1721,2017-10-24 06:00:00,53.08775827507998,165.3497117856832,994.3258903246024,1508796000
1721,2017-10-24 12:00:00,57.98685426692464,171.54211604932334,1006.5800636194035,1508817600
1721,2017-10-24 18:00:00,63.42686350706208,178.71716086667493,1021.6817498158634,1508839200
1721,2017-10-25 00:00:00,69.528894447747,187.02419142880444,1039.8800277300325,1508860800
221,2002-10-04 06:00:00,52.78487411641618,157.326707790819,1008.0547067635753,1033682400
221,2002-10-04 12:00:00,54.13159127168183,159.58610316207478,1016.1343764768098,1033704000
221,2002-10-04 18:00:00,55.75566631896436,161.99445428385798,1024.4193430451942,1033725600
221,2002-10-05 00:00:00,57.548630394427164,164.56175578609282,1033.020144273848,1033747200
221,2002-10-05 06:00:00,59.447085089228494,167.29432673694964,1042.0056826023438,1033768800
610,2006-08-21 12:00:00,42.33884644347927,133.2165761831675,1006.8619542208526,1156132800
610,2006-08-21 18:00:00,42.888694461982595,133.05053485840745,1007.7966609224932,1156154400
610,2006-08-22 00:00:00,43.450308121186026,132.9011728016685,1008.7985809209249,1156176000
610,2006-08-22 06:00:00,44.02387774366616,132.7678927159168,1009.8624585582475,1156197600
610,2006-08-22 12:00:00,44.60923988670038,132.65013017239926,1010.9833252265998,1156219200
1610,2016-08-31 00:00:00,44.23092338250808,134.81400946818167,983.3342921848052,1472572800
1610,2016-08-31 06:00:00,44.561526981249244,133.98386237161503,986.0942494084393,1472594400
1610,2016-08-31 12:00:00,44.88739124540734,133.20405772160575,988.381051295537,1472616000
1610,2016-08-31 18:00:00,45.20564707517042,132.47040589921426,990.2757655465603,1472637600
1610,2016-09-01 00:00:00,45.51463216440243,131.7796821557913,991.8437697982517,1472659200
1607,2016-08-19 00:00:00,64.43512525897677,150.70206342335496,985.7795862919156,1471536000
1607,2016-08-19 06:00:00,68.29850463367984,152.3723320535305,985.7459666825962,1471557600
1607,2016-08-19 12:00:00,72.31381253630025,154.12882274584672,985.8722431298302,1471579200
1607,2016-08-19 18:00:00,76.50009679660798,155.986720967986,986.1401911487992,1471600800
1607,2016-08-20 00:00:00,80.87332207362124,157.95919419074608,986.5375168786559,1471622400
421,2004-10-03 00:00:00,32.81443113749174,153.29331136679383,1014.1062595802935,1096732800
421,2004-10-03 06:00:00,33.47005451130099,153.7014540083705,1014.3667639672663,1096754400
421,2004-10-03 12:00:00,34.07731545732804,154.1251307575933,1014.7629443786662,1096776000
421,2004-10-03 18:00:00,34.6447348607453,154.56493462531506,1015.2793671370395,1096797600
421,2004-10-04 00:00:00,35.17925937883729,155.0213554146522,1015.9031578426975,1096819200
1106,2011-07-31 06:00:00,51.9532900725676,165.4202199845099,1013.7617133404124,1312063200
1106,2011-07-31 12:00:00,52.23068475879927,166.15949022170184,1015.4551122350185,1312084800
1106,2011-07-31 18:00:00,52.52931552429254,166.91451673649044,1017.0861557801029,1312106400
1106,2011-08-01 00:00:00,52.846659572071076,167.68241624312782,1018.6602697175454,1312128000
1106,2011-08-01 06:00:00,53.18049776869839,168.46067146032533,1020.1824031718029,1312149600
1616,2016-09-20 18:00:00,34.89040712963106,139.57642160805665,1006.7219476730897,1474365600
1616,2016-09-21 00:00:00,35.424626899679424,140.9067321097972,1008.1555084367355,1474387200
1616,2016-09-21 06:00:00,36.045027245210804,142.15174946521051,1010.2703668726972,1474408800
1616,2016-09-21 12:00:00,36.7175587461752,143.35632727865743,1012.9931014999092,1474430400
1616,2016-09-21 18:00:00,37.422188089967676,144.5526421120138,1016.2439897979493,1474452000
206,2002-07-13 06:00:00,48.8880225096118,143.91360284813663,1000.4325337729388,1026511200
206,2002-07-13 12:00:00,49.840662433791294,144.48517016109554,1002.9056756774094,1026532800
206,2002-07-13 18:00:00,50.84854432514112,145.0285046472054,1005.4310614673982,1026554400
206,2002-07-14 00:00:00,51.904119629851266,145.5546340088904,1008.018297341996,1026576000
206,2002-07-14 06:00:00,53.001312974874054,146.07238059367774,1010.6753392986202,1026597600
1812,2018-08-04 18:00:00,33.88228590822155,115.21919220533618,1005.5712658760276,1533376800
1812,2018-08-05 00:00:00,33.64025482636771,114.5080453668661,1008.2210486624244,1533398400
1812,2018-08-05 06:00:00,33.392574856794,113.6919292933444,1010.3728813809212,1533420000
1812,2018-08-05 12:00:00,33.14881467509667,112.83318582410357,1012.2413901113177,1533441600
1812,2018-08-05 18:00:00,32.91389001055768,111.96249327646547,1013.9363953506581,1533463200
1007,2010-09-06 18:00:00,58.129389758384605,181.92576515818655,981.1531023882089,1283767200
1007,2010-09-07 00:00:00,59.79513555773383,182.58560067309008,982.8600998632865,1283788800
1007,2010-09-07 06:00:00,61.394713128273,183.42545570886432,985.0436021111236,1283810400
1007,2010-09-07 12:00:00,62.928503687276134,184.48052501319762,987.6208007145451,1283832000
1007,2010-09-07 18:00:00,64.39940436999677,185.77528478385284,990.5069122585155,1283853600
1419,2014-10-16 18:00:00,53.65593962472121,187.7498393637054,986.106798554254,1413453600
1419,2014-10-17 00:00:00,56.15628453295358,192.99951315023213,991.32359122052,1413475200
1419,2014-10-17 06:00:00,58.58893056235502,198.7347538611259,995.961073750288,1413496800
1419,2014-10-17 12:00:00,61.014371348868735,204.95504739111334,1000.2253219960185,1413518400
1419,2014-10-17 18:00:00,63.475011079113756,211.6695457874382,1004.2528969060804,1413540000
1908,2019-08-11 12:00:00,42.0201343451663,176.21699085066848,1005.9602114112822,1565496000
1908,2019-08-11 18:00:00,41.60580329423101,180.40395462468132,1006.0240117151443,1565517600
1908,2019-08-12 00:00:00,41.223378178277926,184.77031488148077,1006.1540242083283,1565539200
1908,2019-08-12 06:00:00,40.84925840483629,189.3231836703535,1006.3238872153597,1565560800
1908,2019-08-12 12:00:00,40.466834098850086,194.068053924967,1006.5149343898593,1565582400
207,2002-07-20 00:00:00,51.786320717796116,182.6746322783638,991.509902474776,1027094400
207,2002-07-20 06:00:00,53.07441273544828,184.81814142535814,989.122675154751,1027116000
207,2002-07-20 12:00:00,54.20369211291836,186.83488048770369,986.7842367898247,1027137600
207,2002-07-20 18:00:00,55.20462904450142,188.72740763375123,984.4546702243115,1027159200
207,2002-07-21 00:00:00,56.10086458073238,190.49704175705256,982.1050280415184,1027180800
1515,2015-08-30 12:00:00,46.57206854658216,126.08817661340618,1010.9154355332757,1440907200
1515,2015-08-30 18:00:00,47.61336139617015,126.35073619840978,1012.0751218819005,1440928800
1515,2015-08-31 00:00:00,48.62797477921231,126.59139215862979,1013.4510777440955,1440950400
1515,2015-08-31 06:00:00,49.61950880283257,126.81337695899492,1015.018726278242,1440972000
1515,2015-08-31 12:00:00,50.59112318938605,127.01950114186275,1016.7564843462151,1440993600
1611,2016-08-22 12:00:00,49.471641019270464,146.58311922668963,1002.8941090401731,1471838400
1611,2016-08-22 18:00:00,50.93093385727843,146.47014731334184,1003.7668910727498,1471860000
1611,2016-08-23 00:00:00,52.48584014610242,146.52011622751343,1004.6415611317116,1471881600
1611,2016-08-23 06:00:00,54.089857727783965,146.66420182962702,1005.5263700766682,1471903200
1611,2016-08-23 12:00:00,55.719396249493,146.8675530581113,1006.4231705786533,1471924800
1216,2012-09-19 00:00:00,50.10478442021122,135.6226030853228,1009.8656217911848,1347984000
1216,2012-09-19 06:00:00,52.2266571714099,136.21244387501076,1018.4434951427975,1348005600
1216,2012-09-19 12:00:00,54.390817835865164,136.8674881060416,1027.6947767947277,1348027200
1216,2012-09-19 18:00:00,56.612590053999156,137.58670897678746,1037.6071580902499,1348048800
1216,2012-09-20 00:00:00,58.90155924211649,138.36975218510747,1048.1837001811655,1348070400
1820,2018-08-24 18:00:00,42.07313893258106,139.05282289073875,1005.5049718202426,1535104800
1820,2018-08-25 00:00:00,42.83794205623235,138.94443787938326,1010.2954863789128,1535126400
1820,2018-08-25 06:00:00,43.79808356526519,139.03656322586903,1014.7726129631264,1535148000
1820,2018-08-25 12:00:00,44.867579774045225,139.1960707220569,1019.1347955473466,1535169600
1820,2018-08-25 18:00:00,46.00745788864151,139.37452854149888,1023.4901932036155,1535191200
1408,2014-07-13 12:00:00,54.653710221491565,150.11500878574316,997.3703037294572,1405224000
1408,2014-07-13 18:00:00,55.682136722829455,150.77482442737983,998.7640912850934,1405245600
1408,2014-07-14 00:00:00,56.77414798412428,151.47528100166164,1000.1862740131751,1405267200
1408,2014-07-14 06:00:00,57.92042859854337,152.2129008447955,1001.6405356369896,1405288800
1408,2014-07-14 12:00:00,59.113191917731456,152.9847658790568,1003.12951874077,1405310400
1705,2017-08-09 12:00:00,39.62967342648017,139.22753149106268,998.1007270894388,1502251200
1705,2017-08-09 18:00:00,40.0676534912227,139.17693815992573,1000.2085833793683,1502272800
1705,2017-08-10 00:00:00,40.514193091253674,139.14688374909247,1002.3281449135676,1502294400
1705,2017-08-10 06:00:00,40.969504213348955,139.13618375503336,1004.463647362295,1502316000
1705,2017-08-10 12:00:00,41.4337658565978,139.14378976757973,1006.6190010532717,1502337600
418,2004-09-11 00:00:00,54.981869071460096,182.95572531989274,989.0129555217527,1094832000
418,2004-09-11 06:00:00,56.437941162356765,185.85297908096527,990.1385749291894,1094853600
418,2004-09-11 12:00:00,57.87596660067902,188.88304175996745,991.35942907961,1094875200
418,2004-09-11 18:00:00,59.30216994465354,192.0387872513893,992.6610677941053,1094896800
418,2004-09-12 00:00:00,60.7215409297678,195.31436566502543,994.0314518976793,1094918400
404,2004-06-15 00:00:00,46.781944308559105,183.99628855076617,1013.7738605961513,1087228800
404,2004-06-15 06:00:00,48.00143199957165,186.9435886819938,1011.8993817698629,1087250400
404,2004-06-15 12:00:00,49.03665810234634,189.9157552002216,1010.2037018667088,1087272000
404,2004-06-15 18:00:00,49.94029169468922,192.89312504549184,1008.5704798405259,1087293600
404,2004-06-16 00:00:00,50.74787518705125,195.86047394883076,1006.9217218476115,1087315200
1210,2012-08-04 06:00:00,39.84430837400032,119.0562974029391,1009.7945334383912,1344031200
1210,2012-08-04 12:00:00,40.23947941320148,118.90634416532464,1013.1018546786108,1344052800
1210,2012-08-04 18:00:00,40.67925430633568,118.88541051450295,1016.0723911070199,1344074400
1210,2012-08-05 00:00:00,41.12161703529273,118.92107698544476,1018.7604219047753,1344096000
1210,2012-08-05 06:00:00,41.550649920671276,118.97845395070544,1021.183738962307,1344117600
2204,2022-07-10 18:00:00,42.330759160991875,145.23461746436146,1008.1973158552055,1657447200
2204,2022-07-11 00:00:00,42.90160789602669,147.46271423898156,1008.1910721552167,1657468800
2204,2022-07-11 06:00:00,43.284478520403354,149.6231396926812,1007.9936082294344,1657490400
2204,2022-07-11 12:00:00,43.535545771648685,151.66610659895582,1007.631936713733,1657512000
2204,2022-07-11 18:00:00,43.69939598262499,153.55407538155055,1007.1415111288052,1657533600
111,2001-08-23 00:00:00,39.661898049400406,142.29470216556,990.9512564509079,998496000
111,2001-08-23 06:00:00,39.91091527485514,142.5662314870001,993.475402086981,998517600
111,2001-08-23 12:00:00,40.42814204183196,142.94908893637523,995.8325574448828,998539200
111,2001-08-23 18:00:00,41.09630724839553,143.4083463932913,998.1617763082546,998560800
111,2001-08-24 00:00:00,41.85257643928344,143.9253934394759,1000.5373599918263,998582400
709,2007-09-08 06:00:00,44.107122890511164,141.1156515359071,999.8311974133849,1189202400
709,2007-09-08 12:00:00,44.8848545447554,141.1600688137969,1001.6197680240257,1189224000
709,2007-09-08 18:00:00,45.71685911717941,141.15944840165685,1003.4126977596898,1189245600
709,2007-09-09 00:00:00,46.59246637332308,141.13216401446698,1005.2418041693345,1189267200
709,2007-09-09 06:00:00,47.5048432714093,141.09118667998519,1007.1286104988885,1189288800
507,2005-07-31 12:00:00,54.46807953315147,184.6612435508905,994.4480069115516,1122782400
507,2005-07-31 18:00:00,55.69879622663575,187.32725105026293,995.0545613830463,1122804000
507,2005-08-01 00:00:00,56.83197015650876,190.0164910390049,995.7772537868559,1122825600
507,2005-08-01 06:00:00,57.89484279552926,192.74099531486172,996.5866962673344,1122847200
507,2005-08-01 12:00:00,58.906068186846824,195.5083957539082,997.4624252318254,1122868800
1606,2016-08-16 18:00:00,61.064371929780464,142.5565647845965,1001.0422602337276,1471341600
1606,2016-08-17 00:00:00,63.408467104170995,141.95766251602663,1002.148828725225,1471363200
1606,2016-08-17 06:00:00,65.75379143976897,141.32408757669236,1003.3148381707415,1471384800
1606,2016-08-17 12:00:00,68.11325991177728,140.66840758039143,1004.5360900221494,1471406400
1606,2016-08-17 18:00:00,70.49440199526362,139.99814441374247,1005.8089896734073,1471428000
115,2001-09-13 00:00:00,47.22330993046489,153.67792460972163,1000.7764216643764,1000310400
115,2001-09-13 06:00:00,48.59721056605849,155.04789759939794,1003.7596571492222,1000332000
115,2001-09-13 12:00:00,50.01949139494718,156.51393179184777,1006.9531003931556,1000353600
115,2001-09-13 18:00:00,51.489351718335456,158.07984737080778,1010.3587398012742,1000375200
115,2001-09-14 00:00:00,53.006874799166326,159.74933374876835,1013.9778018017068,1000396800
1815,2018-08-15 18:00:00,36.06433003315033,128.17941362509737,1006.8287845842606,1534327200
1815,2018-08-16 00:00:00,36.81901248711438,127.30355422485445,1007.8439890885111,1534348800
1815,2018-08-16 06:00:00,37.66988633768415,126.4132940587333,1008.9121828437364,1534370400
1815,2018-08-16 12:00:00,38.56026744681003,125.48501692837453,1010.0303125982755,1534392000
1815,2018-08-16 18:00:00,39.47335900638063,124.52476239358475,1011.207006579325,1534413600
2109,2021-08-16 00:00:00,47.92538584551221,176.49976487520235,1006.5605803836295,1629043200
2109,2021-08-16 06:00:00,48.29149154658444,177.7512176668306,1007.1485944751693,1629064800
2109,2021-08-16 12:00:00,48.68291594519542,178.97872083802304,1007.7536897908586,1629086400
2109,2021-08-16 18:00:00,49.090297840546555,180.1962708232586,1008.3699533306001,1629108000
2109,2021-08-17 00:00:00,49.50788839929373,181.4117303258745,1008.994075299502,1629129600
416,2004-09-05 18:00:00,61.56543208673975,151.7103389661297,1007.1068945459688,1094378400
416,2004-09-06 00:00:00,63.47819798285127,151.86826154057508,1008.5652741957169,1094400000
416,2004-09-06 06:00:00,65.14643070355487,152.13494470253454,1010.28048842523,1094421600
416,2004-09-06 12:00:00,66.6459563343833,152.48297086589582,1012.1857935498979,1094443200
416,2004-09-06 18:00:00,68.02992081497177,152.89293574362182,1014.234048143891,1094464800
511,2005-09-01 06:00:00,40.105552042270574,164.2942399289127,1014.1512189952127,1125525600
511,2005-09-01 12:00:00,40.61634056888579,164.97556607714705,1014.5793250900731,1125547200
511,2005-09-01 18:00:00,41.065872121676875,165.65228672802823,1015.2078273837892,1125568800
511,2005-09-02 00:00:00,41.47561635968668,166.32985536149818,1015.9855997559193,1125590400
511,2005-09-02 06:00:00,41.85927939742032,167.01183393418341,1016.8779211073597,1125612000
204,2002-06-11 12:00:00,35.68021763355682,136.97481582413093,1001.9380880034432,1023768000
204,2002-06-11 18:00:00,37.05550992308258,138.3975463303159,1005.3347150254986,1023789600
204,2002-06-12 00:00:00,38.54644342888378,140.0160450416097,1009.1318192840681,1023811200
204,2002-06-12 06:00:00,40.168175545063264,141.7990185958006,1013.3152530002199,1023832800
204,2002-06-12 12:00:00,41.93281395008432,143.7296387846327,1017.8989402658644,1023854400
2212,2022-09-17 06:00:00,45.17253570356843,129.15564685938352,1012.6267347574922,1663365600
2212,2022-09-17 12:00:00,46.81334176740165,129.50077138493998,1019.437558053125,1663387200
2212,2022-09-17 18:00:00,48.52760540296913,130.00413266486157,1026.5043114420823,1663408800
2212,2022-09-18 00:00:00,50.31985305731814,130.64352107285777,1033.8850018937264,1663430400
2212,2022-09-18 06:00:00,52.19416695824111,131.40337438171719,1041.6276059078682,1663452000
1317,2013-09-05 12:00:00,34.531368466350614,138.38576468865358,1011.7090424154303,1378353600
1317,2013-09-05 18:00:00,35.05818143781835,139.30226954599493,1013.6116780361772,1378375200
1317,2013-09-06 00:00:00,35.57491651681812,140.28473790209682,1015.6017176984024,1378396800
1317,2013-09-06 06:00:00,36.097513748714846,141.29538167252758,1017.679225508029,1378418400
1317,2013-09-06 12:00:00,36.62641271450957,142.32480638468041,1019.8555464015371,1378440000
213,2002-08-25 06:00:00,52.24486395162785,183.2242497931975,997.160113929393,1030226400
213,2002-08-25 12:00:00,53.95366417270452,184.78231362626593,996.4264054701346,1030248000
213,2002-08-25 18:00:00,55.42758494107693,186.2099876721968,995.7585121821905,1030269600
213,2002-08-26 00:00:00,56.73692408619354,187.53285179102204,995.1299374220239,1030291200
213,2002-08-26 06:00:00,57.93052745695786,188.76942247676743,994.5237644396552,1030312800
1612,2016-09-05 18:00:00,36.01475774601204,132.16511467316934,1006.9798755124139,1473069600
1612,2016-09-06 00:00:00,36.3469127183198,132.03708570195215,1006.937392053951,1473091200
1612,2016-09-06 06:00:00,36.79247388634758,131.92465737219982,1007.7911673233757,1473112800
1612,2016-09-06 12:00:00,37.29968451210152,131.8333881088413,1009.4241495237584,1473134400
1612,2016-09-06 18:00:00,37.84257133807478,131.76634908209792,1011.7092921727672,1473156000
1217,2012-10-03 06:00:00,50.397014212592694,186.05736994263953,977.0325190297044,1349215200
1217,2012-10-03 12:00:00,51.91735962470011,190.21404565619878,972.2027118075675,1349236800
1217,2012-10-03 18:00:00,53.32547665849961,194.63736838805607,967.2658812882291,1349258400
1217,2012-10-04 00:00:00,54.66184248792706,199.30784086239782,962.053522949911,1349280000
1217,2012-10-04 06:00:00,55.9516128546511,204.21430947292538,956.4455443602874,1349301600
209,2002-07-28 18:00:00,38.537586661253044,116.73987325660346,1007.932747084551,1027850400
209,2002-07-29 00:00:00,38.96216075967368,115.28215687347074,1010.0932661097813,1027872000
209,2002-07-29 06:00:00,39.442218879754364,113.9293477065421,1012.3983513776147,1027893600
209,2002-07-29 12:00:00,39.958442169714544,112.62879358636201,1014.8036755929479,1027915200
209,2002-07-29 18:00:00,40.49884321349964,111.35224302767347,1017.2855311002859,1027936800
1204,2012-06-22 12:00:00,44.20880076513822,147.0387256356098,1005.8103412454875,1340337600
1204,2012-06-22 18:00:00,45.62108031622665,147.31199968749388,1006.1609952947874,1340359200
1204,2012-06-23 00:00:00,46.96542525499899,147.6905257653916,1006.9305537518449,1340380800
1204,2012-06-23 06:00:00,48.26270454817313,148.15262931560937,1008.029714729837,1340402400
1204,2012-06-23 12:00:00,49.52811902329995,148.6822368408366,1009.3926621119826,1340424000
304,2003-06-04 12:00:00,57.22900906171071,155.6135022296221,989.8742920693022,1054699200
304,2003-06-04 18:00:00,58.781558138019136,157.34292720062695,989.6184189474134,1054720800
304,2003-06-05 00:00:00,60.41152459791283,158.90045992654814,989.3474688686824,1054742400
304,2003-06-05 06:00:00,62.05214072212675,160.3524382112373,989.1101456678929,1054764000
304,2003-06-05 12:00:00,63.676331877043594,161.73881565253396,988.9226209760222,1054785600
1411,2014-08-15 06:00:00,48.13901389250168,152.26013999025622,1008.6140123634887,1408053600
1411,2014-08-15 12:00:00,49.1748367810178,152.63169318440077,1009.4807985665675,1408075200
1411,2014-08-15 18:00:00,50.13499700448756,153.01794387849895,1010.5461235721532,1408096800
1411,2014-08-16 00:00:00,51.03990214719852,153.42104243443396,1011.7694748514987,1408118400
1411,2014-08-16 06:00:00,51.90467912113672,153.8423166967999,1013.1205267499336,1408140000
1718,2017-09-23 00:00:00,60.24962083809078,150.91114682953207,1007.9044966232868,1506096000
1718,2017-09-23 06:00:00,61.204077450827754,151.97890113196888,1010.0327878348544,1506117600
1718,2017-09-23 12:00:00,62.26203469341635,153.0350453445502,1012.2821910074563,1506139200
1718,2017-09-23 18:00:00,63.375105985887785,154.0942195103329,1014.6032673703448,1506160800
1718,2017-09-24 00:00:00,64.52004014998602,155.16295246464404,1016.9718734430899,1506182400
116,2001-09-21 06:00:00,22.46635787186335,111.1131494710537,1010.6014102460658,1001023200
116,2001-09-21 12:00:00,22.09185318788309,110.68440111884388,1013.2388852853613,1001044800
116,2001-09-21 18:00:00,21.759234232064443,110.22043606600892,1015.8908607389707,1001066400
116,2001-09-22 00:00:00,21.456200739504027,109.72635184930641,1018.5455839686771,1001088000
116,2001-09-22 06:00:00,21.17395535036661,109.20608008807437,1021.1976998227951,1001109600
509,2005-08-09 12:00:00,40.31546774974231,122.15018539475795,1000.3025288682256,1123560000
509,2005-08-09 18:00:00,40.74605573383087,121.74002265911122,1003.1344206767026,1123581600
509,2005-08-10 00:00:00,41.35978398316729,121.37374060559523,1006.2552850626307,1123603200
509,2005-08-10 06:00:00,42.07859351766456,121.05023971289938,1009.5297415585301,1123624800
509,2005-08-10 12:00:00,42.856601225752456,120.76591269733444,1012.8836331381608,1123646400
314,2003-09-16 06:00:00,50.77666610461711,154.14712771381255,998.2295764701612,1063663200
314,2003-09-16 12:00:00,52.431640092287125,155.07096794715017,1000.784303769663,1063684800
314,2003-09-16 18:00:00,53.94634248587499,156.12946961681632,1003.5981262072664,1063706400
314,2003-09-17 00:00:00,55.374035833443486,157.29458901693602,1006.627875091357,1063728000
314,2003-09-17 06:00:00,56.74956949576517,158.5475045009871,1009.8453327771749,1063749600
1824,2018-10-04 00:00:00,57.629340496265286,185.82829496001432,960.2855138762752,1538582400
1824,2018-10-04 06:00:00,59.76083659101823,187.4692384996688,961.9799260382606,1538604000
1824,2018-10-04 12:00:00,61.77061810597843,189.5553956272197,963.2682573596103,1538625600
1824,2018-10-04 18:00:00,63.710176687582134,191.97329267744317,964.2748814748447,1538647200
1824,2018-10-05 00:00:00,65.61431281746445,194.64596740315483,965.0831493288752,1538668800
514,2005-09-10 00:00:00,51.64179785718261,174.31471815472037,976.5296070968743,1126281600
514,2005-09-10 06:00:00,53.44283920046655,178.4976465533482,974.7290242148429,1126303200
514,2005-09-10 12:00:00,55.097789015282615,183.0436913435774,972.5826597562682,1126324800
514,2005-09-10 18:00:00,56.667808359758055,187.9559989230047,970.0689496821033,1126346400
514,2005-09-11 00:00:00,58.192444259198965,193.24333729268346,967.1620463845411,1126368000
1009,2010-09-10 12:00:00,34.300872134046585,149.52458073017897,1004.8622901860153,1284091200
1009,2010-09-10 18:00:00,34.75123056081611,150.90100726019227,1005.793429591512,1284112800
1009,2010-09-11 00:00:00,35.088644487169404,152.33213974097816,1006.7648631059583,1284134400
1009,2010-09-11 06:00:00,35.341026629865155,153.81868957496954,1007.761439609123,1284156000
1009,2010-09-11 12:00:00,35.528905865971865,155.36006875530438,1008.7762483760389,1284177600
705,2007-08-05 00:00:00,43.01428812595623,150.35181222432038,996.4436246689074,1186243200
705,2007-08-05 06:00:00,43.7653994611228,151.80656659893612,992.4654385207905,1186264800
705,2007-08-05 12:00:00,44.53772731627396,153.25515970724246,988.1374224632964,1186286400
705,2007-08-05 18:00:00,45.32107381764399,154.6901632286099,983.5111184225971,1186308000
705,2007-08-06 00:00:00,46.10881358642837,156.10535586587866,978.6248955760457,1186329600
306,2003-06-24 06:00:00,39.48844600495704,163.78836734932247,1004.1404833771012,1056405600
306,2003-06-24 12:00:00,39.77529300175138,165.03865813383436,1004.3240196541847,1056427200
306,2003-06-24 18:00:00,40.06307736877079,166.25910865506012,1004.5386695602265,1056448800
306,2003-06-25 00:00:00,40.353591517290624,167.4561277021412,1004.775900483748,1056470400
306,2003-06-25 06:00:00,40.64807095572178,168.63474517908162,1005.0296973373279,1056492000
607,2006-08-14 18:00:00,48.57036593794328,151.23871144888426,1009.4706349806073,1155549600
607,2006-08-15 00:00:00,48.88142299089668,152.01075143262142,1010.8639968202541,1155571200
607,2006-08-15 06:00:00,49.32562495018101,152.79336422235065,1012.2189383624219,1155592800
607,2006-08-15 12:00:00,49.8433966522025,153.5756814312158,1013.5572645065776,1155614400
607,2006-08-15 18:00:00,50.40175314185035,154.35312258505382,1014.8912331123619,1155636000
2214,2022-09-20 06:00:00,39.19327256823635,145.9067121586113,999.0031161156949,1663624800
2214,2022-09-20 12:00:00,39.51758545408302,149.09876854781487,1001.610634301338,1663646400
2214,2022-09-20 18:00:00,39.90343054468394,152.62351741571592,1002.3994594006799,1663668000
2214,2022-09-21 00:00:00,40.3047102256387,156.51939489877986,1001.6674597704696,1663689600
2214,2022-09-21 06:00:00,40.6895423463684,160.8193381743181,999.5357586109021,1663711200
1115,2011-09-24 18:00:00,53.50693907811274,190.89973274019258,999.9243657669704,1316858400
1115,2011-09-25 00:00:00,55.91338497247443,196.81305492453794,1000.5467202229829,1316880000
1115,2011-09-25 06:00:00,58.434522436831685,203.17768632105435,1001.8220411659549,1316901600
1115,2011-09-25 12:00:00,61.08571273987036,210.03295111783927,1003.716373962161,1316923200
1115,2011-09-25 18:00:00,63.88260987174499,217.42007513113776,1006.2056271768924,1316944800
2208,2022-08-17 00:00:00,60.431355639218964,156.48005329648186,992.7868993894845,1660665600
2208,2022-08-17 06:00:00,61.219153414469474,157.16091355933713,991.6284972198082,1660687200
2208,2022-08-17 12:00:00,62.31632008156157,157.99010609460493,990.5510245048645,1660708800
2208,2022-08-17 18:00:00,63.62090255221847,158.9268043025695,989.5614736173156,1660730400
2208,2022-08-18 00:00:00,65.06247364022056,159.93970600158173,988.6563116049438,1660752000
315,2003-09-24 06:00:00,48.53348376336726,190.95297773893617,996.4918096417477,1064354400
315,2003-09-24 12:00:00,50.139829674033535,197.795470326324,999.2249088887093,1064376000
315,2003-09-24 18:00:00,51.80939382894576,205.03876307652172,1002.2001412339469,1064397600
315,2003-09-25 00:00:00,53.537151342083234,212.69390813625432,1005.4208001550032,1064419200
315,2003-09-25 06:00:00,55.32076634009354,220.77195698256037,1008.8916634677189,1064440800
411,2004-08-06 18:00:00,41.127711435317906,144.0465902055048,1010.5453715714684,1091786400
411,2004-08-07 00:00:00,41.435661719089694,144.67155176885626,1010.8066223744536,1091808000
411,2004-08-07 06:00:00,41.86069800976475,145.1637986770902,1010.8948968868062,1091829600
411,2004-08-07 12:00:00,42.34616664402711,145.5210163494139,1010.8579949210434,1091851200
411,2004-08-07 18:00:00,42.87360493250162,145.74558559728848,1010.7211980982338,1091872800
704,2007-07-23 12:00:00,50.78002999446653,181.48137400335054,1005.7014212128342,1185163200
704,2007-07-23 18:00:00,51.88674401966637,182.75947200788778,1005.9217821746279,1185184800
704,2007-07-24 00:00:00,52.86776842643667,183.9812163375782,1006.5240945428377,1185206400
704,2007-07-24 06:00:00,53.75706992380765,185.1782401578066,1007.4101816388793,1185228000
704,2007-07-24 12:00:00,54.57892928370893,186.37151376842303,1008.5094297497417,1185249600
1810,2018-07-26 12:00:00,48.610835487423174,140.9145281511851,1004.5584400361754,1532577600
1810,2018-07-26 18:00:00,49.54200765096539,144.30199564810482,1005.1237182101745,1532599200
1810,2018-07-27 00:00:00,50.34975622567072,147.95326950057688,1005.6605090355993,1532620800
1810,2018-07-27 06:00:00,51.06641629181104,151.8621105993966,1006.1457792139713,1532642400
1810,2018-07-27 12:00:00,51.71042306297022,156.02363078604094,1006.5638269337392,1532664000
1511,2015-07-18 12:00:00,40.470706686848644,136.56416241862826,1007.8152524253965,1437192000
1511,2015-07-18 18:00:00,41.00836329312369,136.6276884522449,1011.5359203644621,1437213600
1511,2015-07-19 00:00:00,41.60131659770377,136.69184138019045,1015.1985736333918,1437235200
1511,2015-07-19 06:00:00,42.24005635427602,136.75813373252458,1018.8331529241223,1437256800
1511,2015-07-19 12:00:00,42.91685981175215,136.82816766836368,1022.4640237381536,1437278400
215,2002-09-04 00:00:00,56.670484685137126,157.22524864367824,981.2981508536086,1031068800
215,2002-09-04 06:00:00,58.090336159943035,158.45209636940035,978.186484750755,1031090400
215,2002-09-04 12:00:00,59.32688220812997,159.61001322457287,974.7085554370005,1031112000
215,2002-09-04 18:00:00,60.42075509431015,160.65201743724356,970.9022155720377,1031133600
215,2002-09-05 00:00:00,61.39657436761627,161.54624956698444,966.8027759906454,1031155200
2114,2021-09-20 06:00:00,32.28050047126271,141.04076834690204,1006.8264935540028,1632088800
2114,2021-09-20 12:00:00,32.64276313778009,141.3634124592055,1004.3006186323619,1632110400
2114,2021-09-20 18:00:00,32.927027182312486,141.67057330418572,1002.2090345847719,1632132000
2114,2021-09-21 00:00:00,33.16032000827545,141.9642292118342,1000.4094763460198,1632153600
2114,2021-09-21 06:00:00,33.36079013996732,142.24591322888102,998.807354561035,1632175200
1703,2017-07-08 18:00:00,54.40972308390883,187.12139204014966,994.0511901305454,1499508000
1703,2017-07-09 00:00:00,56.07137598434747,191.74271974123985,994.295062474408,1499529600
1703,2017-07-09 06:00:00,57.83157643652703,196.15021255549073,994.617336927623,1499551200
1703,2017-07-09 12:00:00,59.58807931318552,200.36788227836223,994.9688724805483,1499572800
1703,2017-07-09 18:00:00,61.30518345928431,204.42993947010837,995.3296490374341,1499594400
1324,2013-10-09 12:00:00,38.055057524131826,136.12966565821262,1010.2784311864762,1381291200
1324,2013-10-09 18:00:00,38.35142896818479,136.64325385007578,1017.9397924407731,1381312800
1324,2013-10-10 00:00:00,38.742750498402074,137.26040805328557,1025.273128640738,1381334400
1324,2013-10-10 06:00:00,39.201271533963336,137.9388413750603,1032.455680852121,1381356000
1324,2013-10-10 12:00:00,39.70987399526575,138.65740926517537,1039.6001678981047,1381377600
216,2002-09-09 06:00:00,29.259351500680168,110.13822182918193,1010.5469656838613,1031522400
216,2002-09-09 12:00:00,29.17767265969178,108.91868507830804,1013.5255339054456,1031544000
216,2002-09-09 18:00:00,29.141888061776626,107.77679258197713,1016.8596135673033,1031565600
216,2002-09-10 00:00:00,29.14134285094724,106.67074240546754,1020.4926316725505,1031587200
216,2002-09-10 06:00:00,29.167467659968224,105.57426926694825,1024.3827469323915,1031608800
918,2009-10-11 06:00:00,48.7591065765846,181.46315241279717,987.7480471901235,1255212000
918,2009-10-11 12:00:00,50.10606833676502,186.15415101766007,987.3456902804955,1255233600
918,2009-10-11 18:00:00,51.3092502748259,191.1613849945959,986.7434203825132,1255255200
918,2009-10-12 00:00:00,52.411512545826554,196.4793881999767,985.9021696724549,1255276800
918,2009-10-12 06:00:00,53.439393857424875,202.10654457810847,984.7895330496804,1255298400
