storm_id,avg_distance
1512,98.43110237173778
6613,85.5502634159689
6731,108.64279101040407
7711,156.1086548968117
8304,169.13851267011574
9009,68.63344375898191
125,108.88777823668867
2110,159.21724244308993
5523,135.34388897478763
5613,174.94854861526622
8306,125.76168758135287
9003,154.14243278524813
9308,101.39921595203268
9407,59.72754462621856
1808,100.7038844788875
5316,205.80770848378936
5913,133.62227437096917
6903,65.93961337888058
7208,79.04373237909515
7301,117.58666200233917
7418,131.30868064262157
8621,179.4880518096131
919,161.72776162580942
124,99.81331251582202
1903,224.5091771588897
5320,110.56091334875148
5408,168.68173633844953
6106,86.35480225520872
6227,88.2100553983969
6732,207.22269357885202
6820,83.0580849898173
7,99.07889447742033
7616,141.63954768967037
8409,92.4624467397402
9622,103.44645198674661
307,135.35928620233213
613,84.15166680545322
6402,61.44731244931518
7013,117.3254287534033
7014,179.93027692695452
718,129.01769884964023
7316,55.44405922008558
8502,165.57272874557782
8701,121.10550885795807
9109,82.73793504753756
9911,127.32539641216377
1706,133.88337885179715
205,94.01052102969675
6217,146.78844541523966
6605,139.9568428687391
7402,183.27306979560692
7829,109.47131531069807
9028,148.73182405163968
9314,156.47333003269043
9417,107.48547444718547
1104,101.01552654226505
1418,167.83315438511937
5104,142.53215829057828
5321,142.78296803034053
6209,236.68593328698384
6212,145.97960573381724
7015,95.52727233037541
711,100.62843893049074
7121,138.74841461724003
8824,172.55963047935677
9024,102.73558332759606
1008,56.66578345394384
1305,93.97643651880213
15,94.2883017523527
5306,93.31752946203436
5412,112.25145405474315
6407,151.7157138476483
6612,91.95995524910778
8931,106.26275761158543
1207,134.1687537935337
1304,220.86334576355634
1412,98.18539504458943
2016,110.25809381716519
5904,221.0887634573862
6423,156.89466298443827
6609,107.0653066216647
8424,145.97072287970323
9016,116.01078130293864
9618,102.53958416202708
317,104.3178567574223
5802,135.08769991469393
5829,85.3455220519701
6019,163.24928714503915
6121,153.55759957366115
7012,111.64477708530804
714,118.92445496897119
7521,68.67725482800546
7621,167.4453215327547
7625,93.18989282380554
8421,217.97490133353992
8714,64.2543266323353
9201,158.63639229120608
1601,123.67935151745606
2012,111.17082773435594
2020,111.82691221081393
2115,113.48920461902918
428,137.6443354135663
5101,396.0330518388603
521,61.798587662025696
6104,152.11240065739602
6527,65.91154480698151
6632,119.19404786592042
6721,134.7363215523396
7101,198.16055532011242
101,85.1230406832349
11,81.8231737728629
1518,107.22030269897728
1624,143.13386307515208
5520,151.92691632163118
5714,186.1063372389999
6621,85.31354257347466
7508,128.95378620544685
7702,225.7336743579147
7813,265.242022462524
8906,145.91146090005154
1112,50.49970901703895
1318,171.05611662340448
415,159.5677255699384
422,96.28061844143541
6711,176.78585456830425
7134,145.82272414469332
8206,131.11383660223206
8511,99.27242108733618
8815,123.51998880770807
9019,195.32421999650498
9105,78.7045566561738
1111,52.484862598866734
1620,198.94777278660376
1910,76.952959403513
5830,207.1982535881027
7006,84.82979916213343
9712,92.81092595630294
1205,84.60231191876859
1623,132.21394604754843
2108,93.97794100882813
2201,163.31820331092604
309,101.94793074642836
419,148.67810224561907
6119,84.1675480566644
6504,112.13479264881828
6825,77.74282025483723
703,91.46005195852176
724,98.9096677595323
7912,143.49371744093884
8419,114.61971997733924
8614,91.30057324864916
9221,165.51751914673272
9610,101.23054785429477
9623,134.90411307665318
112,144.68277470527875
424,122.14230407697576
5809,172.81739297695785
7720,178.40101768613204
9420,62.41949648031975
1508,57.739165278658845
1526,151.65299992655403
1915,147.80064038563594
5211,180.1743420260049
5213,228.26753450499578
6116,81.83020829392919
6403,126.17622212925282
6806,110.16318810189898
8203,92.62628071555712
8215,134.24994942723185
8828,100.91092865979257
9319,121.56945140390022
9408,149.4874183824657
2224,92.2803592163435
308,123.99513375649798
512,130.17496920593723
5911,139.3385015425017
6305,103.82365477066104
6708,99.71138981848067
710,183.93183668737035
7609,107.71231048229645
7910,131.9824101117532
8220,193.47244599099815
8908,140.69616619000547
1805,127.92323093412759
2111,204.93665416372536
3,135.48036728335208
7601,171.47117859415073
8527,66.53662803193268
8907,125.77137083474872
9107,153.49113604761897
9511,139.6384131328238
1012,178.87303290080106
113,155.6470766373056
1215,133.97894981763866
1314,167.86447805514723
406,108.07316348596021
5415,215.10122830500512
6023,94.04694321992515
6109,127.8990671474149
6125,118.80032507236744
6208,70.23950801926016
6319,145.43871255273572
8213,124.65190358134866
9517,92.18433777191292
6003,140.92123789426387
6127,127.06094918898013
6405,121.06328706186832
6805,85.20334989388061
6807,127.51108810431853
910,147.15766820597162
9229,137.3812098622085
9626,88.71483494907581
9701,120.62353483339096
5226,138.67169083970634
6622,126.75244830230392
6627,187.67141897875538
6908,139.6933211485316
7428,112.03891556053019
7717,168.90167443250883
8224,116.01435064560272
425,98.15056412732521
5413,132.1243498512845
5502,44.33487306912906
5722,211.74902260496475
5820,115.75763700477037
6606,184.06363323999125
7414,129.7629970828152
7919,46.35652821671679
8110,123.34213396099076
9228,122.72765194059802
6221,100.50514589162182
6313,109.18404522284006
6704,109.06900572314952
6904,126.67967130658123
7906,110.47800069799854
903,145.63436928089175
9104,140.18607540439936
9605,112.82239354895022
1510,77.0267632965222
1911,108.12698501061048
1926,76.02419952248357
2113,81.9207549454103
310,119.77916251284276
5219,139.85119128608386
5621,63.26197616644595
6219,190.04088365292967
7814,107.91417134798816
9119,126.32010773999532
9415,80.48960900430872
9425,129.96706137639075
9602,90.96469354456826
9706,142.6079624041994
9915,63.66297020602313
1109,87.26635821899782
1918,168.09279984500378
2019,94.7932583827764
6512,132.88187434152482
6517,148.68812693199388
6717,117.56899842375431
7207,83.82191118515246
7215,91.90630945408873
7824,189.39969388304513
8718,153.09084681824453
9718,173.0644688103139
2017,99.00140892139537
5210,126.44197403384446
6021,114.84383179475498
7805,136.31387769799736
7921,140.73351371423541
8,70.17350841287815
8017,213.66153533543505
8126,164.29841503295253
8425,90.55746492281867
9110,70.55926229541748
1117,121.68731527205152
1407,184.49514672359317
1821,144.6389744820865
2211,121.92507641553766
5204,105.07856553787569
7002,150.4412635774079
9504,85.5223765060115
1605,154.30875787751182
1814,101.71066274999183
2014,78.47543937436825
5421,118.47334461880533
5817,144.86313369877567
6101,98.22931884443476
7117,148.11300610423072
9919,71.354725990025
1501,95.97857041159557
1707,170.60806400171253
203,208.33722375130324
22,77.28780389446914
6310,119.7582794986588
6801,69.34868067326194
7318,129.4381121054509
7425,142.23685493691482
8514,173.16975228653354
9026,80.29263396737225
9406,88.8074395017206
1609,123.77209037503644
423,164.49308566797436
5105,137.21284030628712
5407,171.61451362629808
5713,229.19235409859857
7827,139.1093251232262
808,77.44785812239844
813,77.34085061750092
8607,117.29967383482602
8613,111.69002358227547
8910,142.0657834821732
9724,153.29194822157442
1213,128.06017786615536
1804,79.92662775078547
2013,195.29654684183993
2121,142.4998427192687
5515,69.12978733371727
5516,140.16234852094803
6007,201.6681407127783
6111,145.3366907101695
6124,139.8538489272903
6823,166.45373463199525
7607,132.2981305807523
8119,202.77755422516248
917,88.30898395008398
9227,148.96494554131547
9508,108.64114949665917
9814,138.11550428095373
1013,86.86102332633033
1722,124.11277080465848
5303,108.42874252423711
5615,205.91876588947653
6308,120.3622944239274
712,105.01043971234883
7502,115.21643707020735
8313,272.34344839101215
8509,151.61190199682682
16,77.06734681940252
1613,135.0792277143523
1711,102.85971434169657
1919,186.07033634363188
2005,163.264421796991
5525,221.7045558053603
6118,210.84723065123103
7222,209.582255829748
7313,94.8996095176251
7715,248.1340676012899
9815,153.7900233981039
1405,88.4178088920497
5721,161.1351106505651
5831,200.03330448900624
6431,95.31142836527972
6739,52.4362842064826
807,98.18917240204223
1303,83.06890712502532
7612,187.8227350000686
7716,221.0235889825035
7915,62.492765329334304
9007,125.72830900916983
1004,104.29753533936726
1514,124.60706164140805
1906,130.98410999528969
410,73.79842686578641
5116,180.01819621663725
6120,143.2226465531639
6309,112.82177554035032
7818,106.4224868932024
8516,115.46191447173736
8918,119.88903981571761
1416,163.3867978550542
5510,202.38072728828453
5513,130.52529145497093
6422,143.9452188015338
6502,291.78326824373596
6625,273.1644287550323
8019,172.21103175137122
8418,192.7779227243523
8914,123.47198988517746
223,230.06652760118902
7021,144.89423531551972
7714,156.08866529277645
8008,165.13217467309107
8113,72.10914137458091
8710,162.782864880304
902,84.64912625298506
1519,98.94173031267941
5308,119.47591953828392
5712,195.00092608683656
6203,151.63303491294926
6514,93.1959910662894
6714,126.3155648257139
7018,54.89170289196522
7202,129.00242421446129
7212,108.3529160584015
7401,148.31733845070872
8927,93.07246590386177
9008,124.4044538624717
107,125.11066104984549
110,134.47207160959323
5503,115.31323533067653
5701,131.15309708956093
6315,234.70101438540038
7505,133.26906078042438
8812,77.97373179195603
9001,183.07896987496548
1721,131.0362676068225
5607,142.20282296823063
6024,142.54306913634122
6307,136.36399757131343
6420,192.54957008038932
6812,94.42414839916982
6816,76.4201602196741
7306,73.39135582746248
7407,197.06827852025629
7416,113.79761571759568
8803,122.69427060457346
8804,144.69749423186428
9202,174.51899954392692
9710,122.19578210408719
1010,159.70662038814623
5619,96.66469833795597
6002,207.89731393832162
6204,81.48446231121756
6915,127.05685384401995
7911,105.52191887547248
214,91.31305625005083
6604,163.1824311123459
6608,108.02897793489379
6917,208.1875601004336
7227,173.7976500810693
7922,98.76142487862232
8223,129.68279642811183
8810,95.47114877443978
1909,67.77033841637721
609,77.19625282950139
6919,120.34488593337134
7315,78.92960176396585
7415,226.05997053573958
8427,114.62205070652578
8911,107.10578502467924
408,106.35847418686375
520,61.11347662558706
5323,125.32296894282513
5527,147.56404910480717
7815,99.68695477922655
8721,90.46906343828044
1006,65.77640864387004
1608,85.37797157297913
202,104.86737398752868
5517,82.09009280629536
6304,150.10529603794834
8307,99.32476059801196
8411,121.39557562691434
8716,123.37130050971979
9006,115.10344123153423
9624,193.69035623892896
9708,132.1912183868636
1322,236.2183048284331
1610,115.39693698350669
2209,133.3235610796347
221,179.13027204893362
2210,215.1153667477629
320,129.79661752033013
610,63.00765032829576
7022,98.60434157689673
7319,115.12585396513137
804,153.79411381132888
8620,95.78794104647149
9125,106.57237289522156
9720,170.6510737281695
1607,180.1870138437803
503,172.15861214527297
5816,56.64129700823337
5818,104.09318376961873
6210,172.64067837244468
7217,83.81080426136405
7606,114.58101118144529
8408,174.25391642840637
9609,95.11304222762942
9713,105.57614756874591
1505,56.14259009243658
401,143.00387111274512
421,91.50718290027937
5,113.56740018127437
7908,123.22802055608231
8319,69.78889988104976
9027,95.73798986928233
9421,117.31453359889808
9727,80.46289454452035
1307,115.38246010753932
5907,187.74732832524643
6213,141.29542525239575
7320,119.47490522199838
815,97.96918748309676
8825,81.41499581335346
9114,205.77425658288692
1106,96.14379690128233
2206,159.85434582254246
5922,110.41965874229898
6910,137.7561048810107
7311,149.0643259280297
7820,111.16809241952092
8303,131.50745204167862
908,83.66582984905041
1616,99.61678606933316
1901,86.06580821247076
2118,115.76225404449578
6025,194.15319748271097
6513,182.01553587724814
7115,149.7558008860959
7321,83.74669184204483
7909,130.8079343720496
8225,117.00065008187825
8412,144.4368120364148
8922,198.14966527303423
9014,145.05949181608779
912,196.62967237800882
9604,94.36656441160383
18,143.8496009414035
523,65.31514669463628
5811,145.16066192348717
7131,110.83361954596553
8012,156.40277245888973
8417,272.79154290947537
8816,126.08916419685949
9118,179.33333950766755
9220,241.29902862695636
5120,80.90014974584489
6004,153.64730413514897
617,110.80256923434034
6509,161.01425057423475
6916,180.90920961983807
8021,158.09321755115437
8308,137.25629654086836
8314,129.7860179244383
8420,87.32657221362767
1520,113.67326136871154
1829,113.89480879486362
206,91.93847773074546
619,80.01799475698779
7712,97.55697134389935
7903,110.17085246612994
8216,119.75447868318302
9205,183.82167175800203
9305,118.6024476765747
1509,108.21713331365979
1816,66.91274035480382
2002,124.63302499816598
302,98.25129454195297
502,160.83058474636582
6406,149.5206376258554
6736,150.30682522444815
7017,137.11271116618764
7614,68.63285256505033
8817,119.77659571873119
921,158.5320390669166
9428,171.05373609739993
224,261.81623795030623
505,95.17445163440912
5912,117.96632419203712
6701,55.88286552325181
6729,266.0653933165509
6733,120.48958397155927
7312,101.06858432555977
8413,134.87343625505525
9011,184.83151566290363
9013,152.1406754595548
9430,97.69185279707233
1812,103.68565907378658
2009,96.25031119684186
2018,132.7855989643178
218,65.11022701343046
5117,296.3075869585298
5614,82.96332049301317
6523,166.32082164042006
7108,128.830302818501
8702,79.29030004781451
9108,131.16900525325494
9521,117.03033088728213
1421,134.3357536918475
5824,61.78171321292948
6012,243.64630721426317
6419,99.85005815575524
8715,86.72207770182797
9012,114.06777795107418
1809,108.94182244731354
6015,117.71740479378282
6417,131.29130864013194
8125,127.34864550135244
8526,89.73647594098937
8703,99.55882036206992
9403,114.32738174350558
1007,213.7283113435832
1822,164.47486719663215
219,266.8797361411207
5307,175.59500107607516
601,112.48471430599706
614,144.92659698326756
6425,116.60740924056022
7009,162.2898164628059
7309,108.56316239889783
801,117.15246711089247
8024,43.72824783930606
8108,115.90452206975834
8629,136.7843531627029
8929,60.097807575777495
9519,170.7724049405646
126,74.01498494006697
17,158.62007736564132
5418,217.02935775292715
6008,105.54673804493855
6907,177.6386664183432
8020,169.43084161717348
9302,115.76314187642772
6521,107.883913214058
7424,98.43132235041737
905,149.50844998681438
9722,174.1222650021729
120,228.3391256304104
2221,215.5152126070387
5102,102.16268983754806
5919,214.91736820345338
6809,117.3867355934592
9023,141.5004924587208
9714,154.27748891908456
1108,122.71525310667363
1827,74.364065041803
1905,133.46617632445412
5107,181.4274934460244
6314,75.22761387370619
6433,76.15435482132416
8202,104.43836097469858
8402,107.13357727834254
9902,76.28777126517019
1419,139.95776943320715
5215,106.76070763900726
5501,103.52041758540763
6317,138.88010346934234
7114,122.64724548479714
8925,204.1239009851205
1323,77.05586672169618
1502,58.59626518997347
2205,140.85423578825785
5710,145.23051214828976
621,126.92839869761737
716,73.54518471497101
7506,148.6885552946711
7605,126.42868188456156
8323,171.21283602772007
8501,75.86206641260677
5519,115.96566424213187
5521,135.4334493336518
6321,157.74257098817128
6522,125.48327323213324
6620,79.6314401941392
6734,151.223887154816
6905,126.59100832079154
7219,65.68194305702436
906,127.93452740550113
9311,103.50828338236771
9422,75.40679830404316
9716,65.51265439739541
9913,69.73687689370485
1114,102.87276771605411
1908,155.11304213096875
2006,131.71415031534212
7119,117.3543715649177
8505,107.75398319585317
8719,159.72395294101256
207,149.39157177213374
6616,110.36858737261646
7123,112.60604570635353
802,141.14209254370812
9115,144.46932286403606
9509,57.338273955062505
1515,86.8753950789223
208,60.358065637701294
2106,52.233504902935124
5403,114.38128755270431
5603,151.55502182112522
7811,106.41775152489538
8003,156.98425973285904
9325,125.43357975956145
1404,96.71752660967347
1611,206.06343419738116
501,96.18719687347833
5110,88.53013754806547
6811,238.93850962067654
7406,161.28499271563783
9216,90.79298594800534
1904,104.63438128770285
5906,149.1159647329298
6430,78.74819192408978
6508,237.30353280593738
7129,237.93998649454565
904,131.52331750827037
9312,95.25300558169423
1208,111.21962544763448
1921,139.11711366711026
1927,154.30331250161996
5602,67.64126835657468
5910,87.93948266528729
620,113.46117153986675
6214,149.3596778418348
6813,163.8684816502249
7020,93.90204988219818
7136,60.47540783860199
118,188.22317441099577
2102,126.38409769723795
6,74.72467934964611
6224,154.08446032358262
6911,160.2810384856629
7201,107.39428626001337
8822,125.96759656029745
8926,175.5275415516391
9124,95.11084054523776
9211,72.43733919017744
1216,108.41354091315306
1820,126.23452110005933
1916,168.74675091015786
517,134.43422810294928
6001,120.16734545759421
7004,194.8600845747757
8209,103.37705709247356
8212,131.81284889374177
1414,216.32288356916567
5205,108.28090523243051
7220,128.23820228970914
8124,194.8196500130124
8309,151.8688913230118
8603,173.18735433691353
9113,99.21761788026593
9225,129.61091615723555
9226,86.97750728967063
9702,93.35795634120848
1308,109.6122011544898
5902,108.3090140176229
7107,117.76958633072341
7404,196.05553953910893
7916,155.01431721051318
8016,159.51751958080726
1402,200.60283995023988
1408,123.8282326839499
1705,66.22403544071356
5512,129.58587359744502
6206,89.40922940661125
6418,168.57161734917392
7305,115.15290684127217
7816,87.66556805662425
8011,137.68746573653794
8322,120.10797158489576
8503,127.9434069764938
8706,146.04305004240658
9906,88.85135620166848
201,113.36305609296063
6518,124.31404635267795
6709,67.14634650702664
7620,57.36528581253058
8007,162.171326459893
8301,134.67254674196604
8611,137.25587242884245
9606,110.67916726615653
1110,116.46886853433328
2217,215.57073876993715
5203,142.89346284734538
5312,83.16037359174821
5314,69.61110594637522
5318,175.01479517696234
604,84.40459090435272
6611,221.51297910990408
8305,77.68616407598427
8723,111.13019582544312
9020,124.72960600562429
104,161.52245691744062
2213,200.27715614312226
413,84.06405864476352
6112,173.19546747666485
6320,162.15833526883804
6526,137.33832445784432
6814,57.42839532659481
702,179.57154859760564
8625,74.5683280548823
9021,158.6661652972329
9106,120.68662463028407
5416,129.31512903623513
6506,221.8719803651545
6601,124.45546382710616
6703,150.7494693753336
7515,124.4332429562683
8129,126.66741744498411
8923,84.47963623226973
9313,80.5743031977716
418,138.8161998959149
6727,184.165203178721
8006,125.55702839042317
9230,142.02398655869092
9434,114.60678807728424
1113,189.44135525168284
1825,142.52188713880977
19,77.67325129411554
404,144.00147619347968
429,185.43138415362327
6901,170.17727368968085
7213,135.67861496346566
8302,113.04417102431852
8416,157.9339927793506
8707,196.41489095646256
9209,70.27747553175426
9214,138.28878588227576
9402,199.29141536806603
1203,140.71621158494506
1331,180.36275747317686
1625,96.43344741188848
1922,118.11987455953484
5217,99.1703139389695
7133,224.59188420833033
8321,81.44875602721905
8713,105.14576286742512
1316,63.95853405218574
23,74.60077453155472
5209,144.3706826128015
5612,132.07791438315854
5905,151.27234954694057
6126,150.97208118149766
6216,104.88843884473519
6737,112.2127307248337
7904,126.61752093208213
8013,164.75302915932056
8312,87.97278391435232
8410,106.58335826136438
9121,97.04211717353954
102,195.867261978482
1302,138.94470550781602
5716,183.02058252902586
8106,134.8255520444214
8605,224.62969257505247
9307,112.53945225600636
9813,95.23513636823311
1210,106.7207561935846
1924,53.72123999577261
5417,192.41086947155898
5827,149.55493684411113
6623,222.62966172144277
6707,160.06441556501088
8619,77.77776954934755
9914,150.7993386634288
5221,193.0269501464782
7821,88.4620907755927
8112,164.9978251593121
9002,68.93857274367569
1422,119.9531703759998
2004,144.28447715854088
2204,106.91225361977683
319,105.38838084727551
5709,243.3414364846509
7218,85.18781596224075
7419,87.78122773943916
8720,101.93756274056106
9018,117.48572693262419
9304,99.71537094330048
9812,60.573212022772196
111,70.67636667391209
1311,95.7118791997051
2105,146.55295401689827
403,92.60537084943715
5420,110.60603215481832
5506,108.35189792163223
5803,142.08137181904928
6201,51.33156898316979
6220,108.16347215679592
7109,120.66360821910072
723,95.21730339843677
7423,146.33734202284433
1301,123.20271883620156
2011,149.33614751220784
2107,49.44512969242796
220,54.27319018428965
5118,261.8555998096561
5623,72.14793425654472
6011,214.9657758668663
6114,119.21996980588897
6129,77.64738691431837
6819,83.01827278964069
719,229.43367715714285
722,247.6927052920037
8627,163.59526951667414
8813,193.70422040947582
1105,128.1659944935447
6108,117.21672287327021
6211,166.21643541642032
709,73.08753280394919
7701,95.65883918053815
7804,96.97537256779717
8010,102.60462316130763
8504,44.09059706119818
901,150.56827851805002
1107,50.26820057299517
2116,133.29556819768572
507,129.74225987115008
5718,141.15803599106204
5805,152.9077403429208
606,88.53942711947623
7417,122.09499275804752
8222,121.82864769707092
9410,67.02556179862123
9413,89.577878532751
412,109.29496077734784
5720,141.73200143359497
6531,63.26089691499319
6730,160.8154086839735
6810,172.4719852341921
7803,172.24352990853953
7825,160.81825904091454
8023,246.86553074826284
9112,59.949589148052084
1527,111.46301730692366
5819,172.64862659812798
6122,130.73910253734104
6507,134.0718515347646
7901,94.01382156459161
8626,91.96425585161883
9905,101.82366994545167
1312,102.06760536224489
1716,55.70813679101656
2022,118.19339439772402
5821,151.7566352818236
819,102.21643420143737
822,112.55563036774292
9725,130.83299987856927
103,93.22406355138176
1802,139.98972875213897
1817,142.22245527150832
5305,112.23070565553763
6618,110.23197441414294
6725,276.5602630980045
6906,108.05743014298469
7120,150.7873374363593
8928,175.23294409277165
9128,187.1299927809406
9520,92.94758800478283
9912,193.07272172735966
2008,85.46551307116371
506,79.2477460734836
5708,62.42149286918599
5914,177.92936469897367
7229,114.90283769863565
7308,68.42291663154052
913,129.0439179781567
1315,96.36993431304616
1506,153.3546144217244
5216,189.05464259657188
5828,120.56522783694625
6026,183.60336429447176
9126,186.08088707051462
914,116.98207427175825
1201,40.57349475948224
2122,130.82917473309035
5119,109.51134018791271
5618,79.8108257727224
6914,191.17438798277013
7917,157.57643745604412
7923,135.40180094687364
8009,140.95715787986887
8405,66.78126955845791
8615,165.588052126491
8801,148.32180288843145
9715,124.00828865082427
1621,98.36482501676181
1725,156.03293825795083
1828,212.896781124391
6635,118.16849069072829
6712,69.25705199410022
7519,158.31750912327277
8901,253.71678930400435
9414,148.7403785166673
303,127.50191236371312
5207,179.2778938851485
5212,142.67130033822139
7132,155.1992809097275
8712,164.71631483160724
9412,95.85658844145672
9908,93.3146407421176
1606,160.6022271124038
1714,161.92291930053534
1917,89.48219095988162
2202,29.00761903029741
5114,170.44689902321176
5604,68.71891921589646
5807,224.82219249158032
5901,122.78781666565988
5909,173.053941374047
5920,171.4754628209371
6318,173.25774512068804
8205,131.27097935359475
8414,69.48031052107935
8909,80.29403848179643
9025,115.68885549260091
9436,207.8524097095522
1206,151.7078883984073
1513,113.09713115702476
1713,147.94996512484536
5411,109.88362533213763
6228,208.1072020402954
6429,119.17451177885282
7420,161.0520511085365
7422,115.21806266766625
9204,59.58299544633242
9808,191.60312830583246
9918,96.64129830443304
1116,212.2080020110626
115,86.17835373882123
1326,181.04042671069084
2215,112.53958584312214
5514,103.85371043729532
7427,128.61846020886128
8114,109.72940830212403
9122,134.79171397928064
9405,84.03075326039301
9904,105.46510058766798
1120,136.64331883613627
1523,139.06770674317673
1815,108.54144728052569
2223,75.12450610576188
5616,164.9177600255319
5808,146.17269693522988
6603,148.3574817794287
9723,128.23614245267672
1504,112.62698780511617
1603,103.89021572133127
1604,145.89746310769584
5224,146.0511132756586
6016,118.49544114787619
6223,132.5935196708361
7615,225.83647600578865
7704,115.59747084010593
8705,147.42792493326763
8811,119.09488145720479
9129,155.60188585472855
1209,76.26582911667954
1617,96.08629849690227
1723,125.52229157438717
5620,48.94176669750985
6427,210.74726761179423
8004,154.63531464966601
805,153.68458364843175
9418,108.81162693544216
9427,185.07963929238807
9726,140.79204886007673
9922,258.4932035359128
1710,100.6673042868376
5717,88.07277379417722
6117,156.5609629686552
7111,141.049112879152
7113,217.77256429737994
7826,151.04633978568327
8709,100.62710938039832
9608,106.93597167400574
5115,188.53902735232128
5121,176.62122559941588
5508,183.74051763948546
6411,162.0309222697733
6607,140.8173248833464
7624,59.72485634440385
8005,89.54901377849444
8107,120.90581977411988
8403,176.78010235487113
9017,133.27667347913462
9217,100.0027600426309
9306,111.65397410108417
6719,112.47290545423189
7005,168.68999794458242
7808,116.84677400162363
7924,172.17584681043155
8101,150.4532215747964
8513,157.36594927017822
9010,116.82700562517128
122,126.89644411493227
5218,116.81418560118306
615,94.77175531116198
6222,137.28580264365257
6724,116.53128329062162
7112,122.4901122344919
7230,94.33741257680344
8317,215.8626593654677
8525,56.45448133699289
8610,119.59560841673841
8802,94.55975401890495
9802,95.47314039247792
9910,139.63469121963666
108,105.64653318210368
117,173.09624930283462
414,178.64064471120452
5815,178.6187444601802
612,176.4367437645515
6628,295.9202409716468
6802,139.01027038533172
7432,152.0548187802746
9315,63.117018683325675
9507,135.58186714842162
2119,145.23132136699678
605,113.64904382642055
6113,85.48126608436512
7608,168.8038616418602
7622,181.65664402972635
7708,126.90724810642911
7817,202.03074996300904
8001,137.33521869582677
8519,112.45747507781053
1708,49.305137881608715
2109,123.4002917237865
5814,89.27669655126356
6226,101.74285339635695
6804,117.58588783803643
8122,141.65823767972844
816,110.6204732627287
821,145.07825338702887
8415,189.03863271334228
9103,130.83680220554487
9123,132.02276182840941
9215,81.13645865577803
9404,174.6486149498212
1925,172.57887017155554
6510,191.99629722326733
6629,100.73695603925626
9102,101.86471853964038
9301,74.89905923107571
9320,196.49254396081375
9611,95.79685431411787
1321,101.07173434266447
2007,119.24945922094496
416,103.24178231782061
5317,187.02658136398674
5423,94.46147220200417
6027,88.2759165161055
6303,158.36023734118018
6630,87.00980301326585
7602,116.24371371207576
511,77.47340216495623
616,110.20953839795644
7203,130.4603794158408
7713,151.78215480339932
8204,185.6769817912048
8210,111.25040043068599
9620,165.0959922043865
9704,201.04882685683822
204,90.87581808076978
2212,94.30925204111243
5222,215.30227999995145
7411,109.66060017534299
7718,97.83145744768164
8120,124.95036691071427
8932,66.02666844431363
9323,122.10447154881916
9719,137.94169646277533
9920,98.5517827967536
1005,107.26424130259556
1702,119.21315733484964
5524,77.19666340546259
7210,140.99491108793717
7225,133.45671398366494
9206,107.02984711880275
114,58.87883862355778
1317,89.18249337490444
5419,84.14967607475846
5812,74.63894149417487
5908,133.22360923344328
5921,189.8717501833516
622,96.48421137793311
708,74.90484961051828
7613,122.52496968024893
7806,120.6480125750545
9116,64.66354844540284
916,109.03290328993484
9218,103.46316458644054
9503,97.80024160925437
213,117.18037190966851
5505,79.7928082654742
5507,96.19200455293225
6005,123.59741205027397
7409,157.88998973767264
7518,133.13440329410975
8912,105.77282833345934
9326,147.50000843816937
9603,157.0355285944932
9705,167.6021338312822
1410,117.86012946754704
5610,145.0708529242679
6412,139.75015107550178
6516,89.01551603697622
9411,124.2941317784031
2225,117.25886409654018
6018,133.35889010710213
623,198.35873696074142
6511,131.87334673860389
7617,120.31916271655147
7812,143.39921898181825
8905,113.02117046622392
9029,145.3062529121286
9711,89.65259177336854
1507,132.2649539774901
1622,166.99861262502378
1923,123.1035972632875
2023,124.50956257569476
5227,225.31300366938126
6633,90.04680942815892
7102,146.3711262085197
8320,73.01153959544273
8517,156.6209670207141
8618,189.35467510089575
9424,118.63058214433138
1202,134.9269789443582
1612,58.980274396190524
519,86.12603493059443
6302,157.05935468615965
6902,104.03707534555117
8315,165.64938537658722
8512,120.48022326647029
8515,112.61490418852792
9120,72.66639205039267
9317,200.10204480593026
1319,87.97174792013054
1914,116.92209259578631
5915,243.4024540330335
6215,105.09739401722346
6229,147.7349706366507
6815,120.97140860566225
7706,136.10328599390422
8406,139.71879679295049
9203,131.4952278729115
9435,93.89480197744247
9907,129.17104935244788
1225,146.59004845578036
217,117.42882441135943
5225,97.15057300371465
6519,89.37869322500208
7226,214.3437365545115
7810,105.44376675738876
8014,89.16269019649756
8117,81.45766298288791
9309,127.27764924054105
9327,131.66260144299525
9801,48.92744031016524
9803,112.60421549785025
1217,118.45920013813007
1413,139.44015822609344
515,117.52070159563958
5518,99.51761667978195
7106,133.54242153478492
7430,96.25440493608794
7511,154.1733753146193
8102,103.23135371185236
8118,169.26270359750183
8902,114.80498783330542
9419,130.8771648237078
1204,114.68547799769527
1212,140.86378290018826
1320,170.72392596411237
209,94.96993632634425
5111,100.74376108068586
6128,179.54440956576792
7011,98.01913863354662
9318,64.56146850345925
1221,120.0336777680469
1411,78.83076155632092
1602,225.51987669466024
1724,127.85434557603558
1907,83.84835018316089
304,130.4209514419684
316,152.27970753331792
427,196.84014746120073
5109,125.24116702825195
5208,187.2415340266415
5511,244.11771840936188
6432,53.35976206438752
6824,204.4581689036645
812,129.50418073260002
8211,79.87266687608059
8711,97.924567676358
9426,84.35755456784314
106,111.08415474167529
402,117.50098675795718
5201,111.15004776963808
5509,155.4140965047425
5719,201.2868275420216
6014,106.83981710970124
811,225.94618213649915
9811,90.9705659434081
1313,99.02510998367823
1406,155.61005039484652
1715,121.62549838731255
1813,121.96332913176754
407,108.13576369083124
6414,138.7160894783235
7604,92.04728638257231
7705,91.10880322753972
8214,72.65332832133377
9613,146.04254145669708
2222,91.38050766963323
8115,128.23034434077923
922,59.146434933376206
1727,137.07214390320286
6017,69.15362104675422
6312,167.34734729094868
6525,240.53015287744216
7619,202.41198037819706
5409,160.25960904593455
5622,80.0898594977438
7125,153.90032163872615
715,144.5426421440939
7314,122.65028389931054
7509,91.42760681277083
7517,161.83648109091322
1011,75.54500420443595
1818,101.12849508298913
1826,102.4367448675304
313,132.25060924650933
5103,96.12648094049959
701,164.55136220020452
7104,75.22675063942344
7127,65.13930128428952
7514,184.89732397952878
8806,126.36782130223254
9,88.24845089950979
1718,100.49166642530636
1902,86.68268646271987
2101,87.21700268583392
212,89.88549520433217
6434,170.14636604868326
8316,100.18281551241627
9601,129.7232192098937
116,37.515700583486016
405,115.26376468914728
509,91.45830369204612
5302,150.2382541998148
7807,115.553388333364
8207,281.46568411758415
8508,114.9692826946542
1824,136.1099810903672
314,122.47635024528637
513,100.19625021902625
5301,159.1381081711761
6401,106.2704241592528
6913,144.12683466558187
7008,136.74706550801432
8002,86.73254984525923
8201,119.15028963411854
8422,244.03996233825637
8807,186.7963315632844
907,81.6288339453303
5822,152.34348552984443
6818,133.25084240449561
7001,129.5160305108668
7023,84.33329287172339
7118,112.54070294948677
7809,66.86563099751504
803,203.7729288766953
806,93.27415347024137
8217,72.56299898708882
9004,143.5064574063069
9501,79.80668748498171
9506,68.3109474371067
1,110.5628856409162
318,175.0441358416574
5422,151.32017664454435
7310,148.14235840800285
7710,133.2602069934063
8919,113.4679010495235
105,104.35958220875
2021,161.21964234343142
5405,147.55321775750917
5917,92.57409195158911
7410,145.4053220699371
7426,117.27159479530931
7819,138.4332092027833
8018,182.3109863941643
8616,160.35817980099938
1220,78.39996859757329
20,146.33779781007993
5202,265.41196400536984
5707,127.62265424441742
6022,73.46925084595743
6416,94.42763541432522
6530,173.7152904548052
7503,118.51175539859304
7603,147.11466134072342
8015,85.655043992662
8602,47.84588017851461
1014,92.1473394175391
1309,102.13400271556071
305,162.75883432326714
5401,89.9505732255348
5611,186.89169430184884
7913,135.74830618946916
818,266.2656126875504
1701,98.2258406396724
2120,161.4735232314315
6225,103.68466720756071
6322,98.44211646629329
6409,138.91153850097547
1811,142.25936313796018
2220,96.61095735420218
516,176.85604122052865
5702,136.44599972827083
5923,115.94307796736075
6726,299.01478002773155
6738,141.77668934293834
7905,166.17054830416853
8521,135.65064589532017
8722,151.57345159525298
8814,154.6714534061202
8930,83.25637014221671
9916,139.15418377266462
1726,81.53758291467197
1801,147.23602964810013
2219,110.9221763460019
5214,143.27105066273978
5304,135.36644148835157
5310,146.73748024287278
5313,149.85133364865732
5315,168.27991884552134
5404,177.60206848909633
6515,134.86111597763863
6614,145.47626724328663
6728,141.0978178673841
7228,120.43261888875298
7611,188.66796519045982
7801,132.79078228784047
7828,175.59428399022323
5113,111.56565143733317
5617,181.94352037552844
6410,112.87253128992515
7823,88.60301276414809
8208,135.86970115153116
8826,109.62944680372391
9804,93.04788370504725
1403,99.48609500185746
5606,111.62469114680464
6426,160.60285467053302
6619,209.19202256450683
9303,118.33874374537912
9321,112.72706261210064
1929,121.67944104758753
6323,158.8823094102717
6532,201.82044142746383
6716,137.9060656635724
713,103.14907346851159
7618,109.49970428709156
9901,143.30982720433173
1211,71.47785168337488
1423,81.62031364654032
1806,136.23353495079945
211,116.90329973594861
409,120.82320319587184
514,111.19086119341239
7504,85.99268104534956
8404,128.45566466392816
9219,195.36632241546988
10,123.03903554385451
1009,101.31347921268436
2103,162.7489250945135
420,138.49586583611475
6207,119.80666793490902
6413,150.27190348356797
7016,115.40106959676957
7130,120.11249367794116
8708,139.4084998478074
2104,131.41838182319532
5605,164.0639955422036
5609,98.76553235384354
603,89.29272695688883
6710,117.5360947032511
7209,98.64551875628608
7501,102.16040179509508
7516,95.8630748529517
7520,225.1902555405533
7709,127.73187027501487
8123,168.36238645358347
8608,175.72919974863157
8609,69.44212442092318
8622,127.65405198900497
9212,41.70915964110661
9516,97.7624038192848
1328,180.99714854286307
1516,99.26204319617742
5608,161.18297336970443
5703,89.73873703483716
6006,108.21498536478747
6501,87.2009741610119
705,113.47531695323414
7211,81.37056629996356
8913,150.52655803132168
9208,194.81322843470306
9621,131.50810148615713
1521,84.6964102626321
5704,116.32870630072526
5823,113.17198018890296
6110,99.38515055144734
6316,157.75275106842653
6428,119.76441924120913
7920,147.76875066019525
9401,83.12658682458793
5711,69.14023232170187
6808,109.2576705579439
6827,135.88508170905982
7610,75.87735687355075
8104,91.9845821907069
8612,121.15298503822858
8809,119.51588388761655
9423,113.74971974716043
9625,93.27886967188255
9807,197.93416584034316
1003,88.53572360941392
1823,80.06470752120326
2015,98.76134866736685
5223,145.98334522564875
5414,174.98913765090157
7408,124.14559271168554
7412,175.2347439539935
909,156.7437697084675
9101,110.36610146786049
9617,89.4833728650875
2218,136.33672515647592
222,205.23103128670965
5206,125.14558828696092
5918,141.7141238636541
6202,133.75831687049165
6634,147.76972204163738
7512,123.06625659100126
8818,160.75002918128664
9222,89.56262419353726
1401,32.12589490719296
5804,67.57573785300599
5806,132.59368974889813
6013,118.40953096480175
6424,130.7698087235063
6503,92.10400220307304
6617,178.34073479492946
7026,110.29281257930253
7116,114.83043860312155
7303,112.78918340090554
7304,182.9640984649527
8518,82.41877163178953
8524,96.28668286704927
911,130.37830327357594
1214,78.95423253995995
1327,98.53770474378389
306,122.63924957013732
5528,238.08897024519408
607,83.64276683325896
6615,104.29953989839409
7135,206.98077305825032
7421,94.91873227649423
9224,52.47232651112063
9328,97.62270317902411
9502,187.95848417712153
9518,235.16101204679103
9728,96.22267923546903
1119,97.89775739663739
1420,152.95215041026097
1709,95.35043327537966
1912,178.51173525992067
2214,76.25819850783836
225,206.88410709659726
312,123.54428479618629
7231,92.49972481675407
9310,92.17852795074248
1415,157.38310111453777
1524,103.74101488041666
6404,126.2313624101717
6408,154.43155498708157
8717,92.52702358626219
121,91.65614693900935
1325,101.94368796120922
4,101.246227226288
6218,97.09061648840581
6822,94.76829559199669
7405,128.32225403853522
7802,125.19292851259762
9717,94.06856873056486
1115,107.02048691431176
1720,140.72062011187418
2208,164.8674005000386
426,100.68509775959602
5715,117.66981171904317
5825,89.82992835135941
6010,198.20471050461512
6624,117.76482839658847
7105,131.19213156382216
8624,114.51097860329256
8921,266.78376372649126
9523,189.93225777920853
1614,134.51784719058173
210,137.84069632007032
315,154.6099392704613
411,133.0165267375036
510,131.77549560018852
5903,95.52365816812933
6528,153.14014901463406
6735,127.6338007368461
6803,193.07544559799217
9005,119.04808567501651
1503,135.00733174314584
704,118.85738869580084
7205,140.77546621489043
7510,192.50204742472525
8426,176.98898056456997
8805,210.5849484974339
12,134.9719828601826
1525,139.75467698405762
5311,83.59638563200686
5706,160.87434825046654
5801,114.92010766343546
618,149.74296203523107
6529,184.33833812099382
6626,274.46097368589767
720,269.7667921462699
7221,175.85257017688684
7907,127.5102692530633
8221,116.68394265482952
8510,175.37901914761517
9429,159.5183922928612
1330,192.27185750118826
1810,124.93267782686345
417,73.21066460357166
5522,174.51108166899937
7024,117.41374776494924
8522,146.46551621128322
8917,181.4969688617916
9512,186.56538977422673
1511,96.21018097337931
2001,88.14402324027323
518,95.4758666656095
5813,128.84795699278448
721,90.03751236689673
8311,87.90598325933536
8823,80.53750000364896
915,122.43686241964123
9903,107.94997151502959
109,129.26207977714444
1103,128.50422914452892
123,93.35510788623375
215,126.7420181480532
6102,123.70722905727378
7204,139.29877214008897
7302,93.39523573588744
8121,131.88991358123087
8821,105.25860004250613
8831,78.52741365605763
1417,163.0408856614042
1807,83.58982489211667
5810,107.75117184526673
6421,102.0154043334729
7206,104.94897783628268
8218,176.65897785526914
9612,87.74335886628957
1118,83.26643484703163
13,79.32857743368756
1819,138.60251319585336
602,114.95173052033152
6610,134.4205703511547
6821,217.75890225106082
706,139.71446590419635
7403,186.21864859439756
7703,127.74006870599999
810,269.1394210521798
8617,137.7673169368977
9213,192.57815963961247
9709,60.83077347144628
5526,210.18449558619338
6103,177.10296964640796
6107,170.91213635636703
6702,141.85472779701996
6705,70.62222308488742
8109,81.02171351045911
8915,153.49373449621606
9127,109.35924825781443
9316,134.42901612077728
14,81.99332138186506
21,93.29485109782807
6020,91.98999790341219
6105,84.31445223520376
6602,98.18140637869536
6722,82.57656550497747
6723,128.4888404732426
8318,152.93443404700386
9416,111.01853687088543
9607,83.53675697037676
9805,194.42462668290668
9809,85.4139120205998
9816,105.2268562924598
1121,155.95366938938992
508,92.55527564291641
7122,186.2625370138889
7822,201.60623540092968
8105,155.03316064171062
9522,245.97645563580664
1101,211.88201766692063
1704,101.8120564093783
2207,127.86989571728421
5108,104.56100468908309
6009,98.58959133467155
7830,242.09585255856877
9210,142.36573492364528
9513,163.51458483654437
1618,170.24149821681982
5319,119.76886904502155
6123,167.4345585531114
8401,102.28340501602659
8520,142.5223082611507
8830,130.44241342976483
9022,138.1729225877915
9703,67.21786352487621
9806,120.25073027083036
1517,149.25121925415579
1615,127.09794114999666
6715,145.45054556026946
1219,214.4186979137966
1719,133.28456769002761
1913,162.96327409762276
6505,161.99668912630278
7623,185.9660100138426
7721,117.47081071840708
8506,145.3600729405393
8924,101.9156240684936
9231,239.7297021273684
6230,235.78152886934149
7216,152.56977896193547
7431,104.70593858543381
8704,148.51643361107415
8808,76.35464712956198
1102,142.29402871939288
2010,95.5926572016943
321,131.34239969001544
5322,81.0948221718485
5826,151.45425434683577
6324,166.26394852366732
6415,117.07203702934402
6718,104.26995894511538
6817,93.33162033415883
7003,92.26986308897418
7007,260.6872530415434
8103,63.923596981309025
8219,112.07016540395159
8820,111.55528269102987
8903,117.88229604563853
809,99.56931081077727
9207,116.6547088009458
9909,128.3690044419178
2216,112.60322789155377
5504,79.17337759791323
5916,226.89803765234765
7719,118.49086091964273
7914,69.51928181444364
9431,106.84900868996422
9614,108.63822143038655
1626,125.55220638167934
2114,86.44052572742545
9432,138.84589618372723
1712,152.74977826779286
608,131.00030948380316
6524,144.02066521091743
8819,77.80176549388315
8904,77.04380677837167
1002,123.8818169205719
1522,138.0469866328073
2,228.16575325562192
6115,124.80846543115891
6301,129.70390099932078
6912,121.70744784729054
7103,140.42167203560032
8022,121.07901167484414
1717,126.04590710660528
1928,122.63554641725513
2003,112.48242207015564
5112,144.99268467512454
5220,223.34366386826565
5309,184.14759323174667
6205,179.53389340162525
6909,126.26088736943322
7110,92.77322029121108
7128,150.66950460357603
8127,167.53410844097644
9322,177.08937720826216
9433,185.68679960924595
1223,120.54417559095182
1306,146.0179738376686
1703,217.32128436858756
311,141.56909465742262
5601,92.43911022240643
7413,73.13811538381405
8111,115.99337732992342
8310,200.52339839750428
8628,127.27043182074361
8916,87.69264356463151
1619,86.46124988423118
226,159.07728534149553
504,101.9133095402148
5705,155.15296315291639
6918,89.44571226382992
7010,167.9774687139997
814,131.68649101123023
817,129.89040854063566
9117,193.9467466111924
9721,39.20178300194819
301,140.30603068260433
611,194.23040695890654
7019,119.83104862412706
707,122.27579535882472
717,176.20369474638875
7214,103.40399083102535
7317,101.27583423894852
7902,116.62788073942149
8116,166.3645209798013
9615,137.1298177904317
9917,72.47367020332211
1218,147.42195574891693
1224,104.53666210023172
1310,150.5895015269394
1324,110.40259826473937
1409,140.79485461166178
1803,94.70216675326859
6311,145.83714746856708
7513,188.636115156259
9223,93.21481138624587
9510,193.41538001226863
1222,128.44804127515607
2112,140.02192699899672
6631,254.00181721255922
7124,134.02908816873145
7429,171.18704911498077
7707,87.25076000495059
8423,63.192656840059556
8601,129.69753049899288
8604,80.91230461863236
8606,180.44329991866138
8623,89.56732865472527
8827,164.53636809787267
8920,193.76711408814177
9111,92.14586755573359
920,136.1606911421946
9505,125.08324485832806
2203,99.0579117420019
6306,122.8248950675804
6706,136.9541141438113
7025,159.19978014741974
7126,128.94923789621083
7224,157.3058184966514
7918,186.62660061849138
8407,96.61755347215549
8523,104.04493131367349
9616,164.25160713409647
9921,133.7495960924384
1920,97.93701672504193
216,82.2014363674898
522,143.10369909312573
5406,127.91496985501236
6520,106.51807469084527
6713,113.49752974820045
6826,138.34311510794225
7507,83.55343304937968
820,229.9832486596135
918,151.0096980874905
9324,101.8058456878393
9409,115.75455054424931
9514,122.56665937219239
9619,67.46894364434144
9707,115.36798012829239
9810,152.10093255545868
1001,101.2333868481289
119,51.187314717940986
2117,83.05929652292387
5106,179.39076402504452
8128,73.50586311970909
8829,93.68531534451846
1329,122.17185137580356
6720,116.53521892788969
7223,97.05073609255551
7307,91.48960060559041
8507,124.27922965012468
9015,138.2550309396239
9515,122.9316993417305
